query_id	doc_id	score
q0	330	1
q4	1917	1
q5	1321	1
q5	1323	1
q6	1254	1
q6	1320	1
q6	1365	1
q6	1366	1
q7	1792	1
q8	1925	1
q10	1888	1
q11	1792	1
q12	1238	1
q12	1338	1
q12	1244	1
q12	1245	1
q13	1865	1
q14	1365	1
q15	531	1
q15	1338	1
q16	330	1
q16	345	1
q17	1365	1
q17	1946	1
q17	1963	1
q17	1967	1
q18	1888	1
q21	1792	1
q22	1792	1
q23	1365	1
q25	1963	1
q25	1964	1
q26	833	1
q26	1313	1
q26	1338	1
q28	1338	1
q28	1365	1
q29	1792	1
q30	1365	1
q31	330	1
q32	1870	1
q33	1365	1
q35	345	1
q36	1685	1
q37	1888	1
q37	1868	1
q38	1888	1
q38	1868	1
q39	1792	1
q40	1320	1
q40	1865	1
q41	1685	1
q41	1868	1
q41	1888	1
q42	1313	1
q42	1320	1
q42	1338	1
q42	1865	1
q42	1870	1
q42	1888	1
q43	1365	1
q44	1908	1
q45	11	1
q46	1908	1
q48	1685	1
q48	1868	1
q49	1653	1
q50	1917	1
q50	1792	1
q51	1868	1
q51	1871	1
q51	1874	1
q51	1878	1
q51	1888	1
q54	1908	1
q55	1908	1
q56	1685	1
q56	1868	1
q56	1888	1
q58	1908	1
q59	1365	1
q60	1234	1
q61	1320	1
q62	1365	1
q62	1367	1
q63	1888	1
q63	1685	1
q64	102	1
q64	103	1
q65	463	1
q66	1908	1
q67	1908	1
q69	570	1
q75	1685	1
q75	1868	1
q75	1888	1
q76	1234	1
q76	1243	1
q76	1338	1
q76	1352	1
q76	1865	1
q76	1866	1
q78	1888	1
q78	1868	1
q80	433	1
q80	436	1
q81	1131	1
q82	299	1
q82	330	1
q82	345	1
q82	353	1
q83	1685	1
q83	1868	1
q84	434	1
q85	1870	1
q86	1685	1
q87	1685	1
q87	1868	1
q87	1888	1
q88	1908	1
q90	330	1
q90	345	1
q92	433	1
q92	434	1
q92	436	1
q93	1908	1
q94	330	1
q94	345	1
q95	1908	1
q96	1320	1
q96	1348	1
q97	1685	1
q97	1868	1
q97	1888	1
q98	1320	1
q98	1338	1
q99	1685	1
q99	1868	1
q99	1888	1
q100	1917	1
q103	1685	1
q103	1888	1
q105	1685	1
q105	1868	1
q105	1888	1
q106	433	1
q106	434	1
q106	436	1
q106	451	1
q107	1655	1
q109	1685	1
q109	1888	1
q110	1685	1
q110	1868	1
q110	1888	1
q111	1868	1
q112	1320	1
q114	1685	1
q114	1868	1
q114	1888	1
q117	1320	1
q117	1330	1
q117	1337	1
q117	1338	1
q117	1868	1
q117	1871	1
q117	1874	1
q117	1878	1
q117	1888	1
q118	570	1
q120	1866	1
q122	330	1
q122	345	1
q123	1178	1
q123	1211	1
q123	1237	1
q123	1243	1
q123	1244	1
q123	1245	1
q123	1444	1
q124	1365	1
q128	1365	1
q128	1379	1
q129	1365	1
q132	1365	1
q133	1917	1
q134	1133	1
q134	1199	1
q134	1236	1
q134	1239	1
q134	1243	1
q134	1246	1
q134	1365	1
q134	1767	1
q134	1865	1
q139	1365	1
q139	1366	1
q140	1365	1
q141	1917	1
q142	1888	1
q143	1100	1
q143	1131	1
q147	841	1
q147	842	1
q148	875	1
q148	1365	1
q149	1365	1
q149	1366	1
q150	1365	1
q150	1372	1
q153	1457	1
q153	1459	1
q153	1519	1
q154	1338	1
q154	1458	1
q156	1320	1
q156	1340	1
q156	1365	1
q156	1388	1
q156	1430	1
q157	1335	1
q157	1337	1
q157	1365	1
q158	832	1
q158	1365	1
q158	1967	1
q159	1320	1
q160	1338	1
q160	1243	1
q161	1365	1
q162	1365	1
q162	1366	1
q162	1868	1
q162	1870	1
q162	1917	1
q162	1925	1
q164	1870	1
q164	1888	1
q165	1909	1
q165	1911	1
q167	1320	1
q167	1338	1
q167	1365	1
q168	1365	1
q169	1365	1
q171	1365	1
q171	1857	1
q171	1865	1
q171	1869	1
q171	1870	1
q172	529	1
q172	1955	1
q172	1967	1
q173	1320	1
q173	1792	1
q175	1365	1
q176	1320	1
q178	1320	1
q178	1338	1
q178	1239	1
q179	1365	1
q181	1365	1
q182	1335	1
q182	1337	1
q182	1865	1
q183	1365	1
q184	1320	1
q184	1365	1
q184	1865	1
q185	1365	1
q186	1317	1
q186	1320	1
q187	1365	1
q188	1457	1
q189	1365	1
q189	1917	1
q190	1155	1
q191	1320	1
q191	1338	1
q191	1870	1
q192	1338	1
q192	1340	1
q192	1342	1
q192	1349	1
q192	1365	1
q195	1865	1
q195	1870	1
q195	1967	1
q196	1685	1
q197	1685	1
q200	1685	1
q201	1685	1
q202	1685	1
q203	1457	1
q203	1458	1
q204	1685	1
q205	1685	1
q206	1685	1
q208	1685	1
q209	1908	1
q210	1908	1
q211	1908	1
q212	1908	1
q213	1908	1
q214	1908	1
q216	1908	1
q217	1908	1
q218	1908	1
q219	163	1
q219	1905	1
q219	1909	1
q219	1922	1
q220	208	1
q221	1908	1
q222	1908	1
q223	1908	1
q225	1868	1
q225	1870	1
q226	1814	1
q226	1905	1
q226	1907	1
q227	1908	1
q228	1908	1
q229	1908	1
q230	1908	1
q231	1908	1
q232	1908	1
q234	1874	1
q235	170	1
q235	171	1
q235	172	1
q236	1908	1
q237	1908	1
q238	1908	1
q239	1908	1
q240	1908	1
q241	1868	1
q241	1870	1
q241	1908	1
q242	1685	1
q242	1868	1
q242	1888	1
q245	1320	1
q245	1338	1
q245	1876	1
q245	1908	1
q246	1338	1
q247	1335	1
q247	1336	1
q247	1337	1
q247	1859	1
q247	1860	1
q247	1861	1
q247	1888	1
q248	1888	1
q248	1868	1
q249	1908	1
q250	1685	1
q250	1868	1
q250	1888	1
q251	1888	1
q251	1868	1
q252	1685	1
q252	1868	1
q252	1888	1
q253	1685	1
q253	1868	1
q253	1888	1
q254	1685	1
q254	1868	1
q254	1888	1
q255	1868	1
q256	1888	1
q256	1868	1
q257	1685	1
q257	1868	1
q257	1888	1
q259	1685	1
q260	1685	1
q260	1868	1
q260	1888	1
q261	1685	1
q261	1868	1
q261	1888	1
q262	1685	1
q262	1868	1
q263	1685	1
q263	1868	1
q264	1908	1
q265	1685	1
q266	1908	1
q267	1908	1
q268	1685	1
q268	1868	1
q268	1888	1
q269	1685	1
q269	1888	1
q270	1908	1
q271	1908	1
q272	1868	1
q272	1888	1
q273	1685	1
q273	1905	1
q274	1908	1
q275	1908	1
q276	1908	1
q277	1908	1
q278	1908	1
q279	1908	1
q280	1868	1
q280	1870	1
q280	1908	1
q281	1908	1
q282	1908	1
q283	1908	1
q284	1908	1
q286	1908	1
q287	1868	1
q287	1870	1
q288	1908	1
q289	1908	1
q290	1908	1
q291	1236	1
q294	1365	1
q296	1313	1
q296	1320	1
q296	1330	1
q297	1908	1
q299	1685	1
q299	1868	1
q299	1888	1
q300	1685	1
q300	1868	1
q300	1888	1
q301	1685	1
q301	1868	1
q302	1908	1
q303	1685	1
q303	1868	1
q303	1888	1
q304	1888	1
q305	1685	1
q305	1868	1
q305	1888	1
q306	1685	1
q306	1868	1
q306	1888	1
q307	1685	1
q307	1868	1
q307	1888	1
q309	1685	1
q311	1888	1
q313	1365	1
q315	1685	1
q316	1870	1
q316	1908	1
q318	1911	1
q319	1870	1
q319	1888	1
q320	1865	1
q321	1865	1
q322	1685	1
q323	1685	1
q324	1685	1
q325	1685	1
q325	1870	1
q326	1685	1
q326	1870	1
q327	1870	1
q328	1870	1
q329	1685	1
q330	1685	1
q330	1870	1
q331	1685	1
q331	1870	1
q332	1685	1
q333	1685	1
q333	1870	1
q334	1685	1
q334	1870	1
q335	1685	1
q336	1685	1
q337	1685	1
q338	1792	1
q338	1888	1
q339	1792	1
q339	1795	1
q339	1888	1
q340	1792	1
q340	1888	1
q341	1870	1
q342	1792	1
q342	1888	1
q343	1792	1
q343	1888	1
q344	1870	1
q345	1870	1
q346	1870	1
q347	1685	1
q348	165	1
q348	1870	1
q349	1870	1
q350	1685	1
q351	1685	1
q352	1685	1
q352	1870	1
q353	1685	1
q353	1908	1
q354	1868	1
q355	1685	1
q356	1685	1
q356	1870	1
q357	1980	1
q358	1870	1
q359	1911	1
q360	1792	1
q361	100	1
q361	1888	1
q362	100	1
q362	1888	1
q363	1888	1
q364	116	1
q365	1685	1
q365	1870	1
q365	1888	1
q366	100	1
q366	1888	1
q367	1906	1
q367	1907	1
q367	1909	1
q367	1910	1
q367	1911	1
q367	1912	1
q368	1685	1
q368	1888	1
q369	1865	1
q369	1870	1
q369	1905	1
q369	1906	1
q369	1911	1
q370	1865	1
q370	1868	1
q370	1870	1
q370	1881	1
q370	1888	1
q371	1320	1
q371	1338	1
q371	149	1
q372	1888	1
q373	1865	1
q373	1870	1
q375	1238	1
q376	1685	1
q377	1865	1
q378	1865	1
q379	1685	1
q380	1870	1
q380	1906	1
q380	1907	1
q380	1908	1
q380	1915	1
q381	1911	1
q381	1922	1
q382	1865	1
q382	1870	1
q383	1888	1
q384	1865	1
q384	1888	1
q385	1865	1
q386	1338	1
q386	1365	1
q386	1865	1
q387	1320	1
q387	1340	1
q387	1243	1
q387	1267	1
q387	1365	1
q388	1865	1
q388	1870	1
q388	1874	1
q388	1888	1
q389	1792	1
q389	1365	1
q390	330	1
q391	1866	1
q392	1238	1
q392	1243	1
q392	1266	1
q392	1267	1
q392	1338	1
q392	1754	1
q393	1320	1
q393	1338	1
q394	1365	1
q394	1367	1
q395	1917	1
q396	1365	1
q397	1320	1
q397	1337	1
q397	1338	1
q397	1365	1
q397	1888	1
q399	1457	1
q401	613	1
q402	1365	1
q403	1162	1
q404	433	1
q404	434	1
q404	436	1
q404	440	1
q406	1238	1
q406	1243	1
q407	1365	1
q408	1238	1
q408	1313	1
q408	1320	1
q408	1338	1
q409	309	1
q409	330	1
q409	345	1
q409	359	1
q409	383	1
q410	1365	1
q410	1320	1
q410	1458	1
q411	1365	1
q412	1365	1
q413	1236	1
q413	1243	1
q413	1244	1
q413	1246	1
q413	1320	1
q413	1338	1
q413	1813	1
q414	330	1
q414	345	1
q414	383	1
q415	1365	1
q415	1381	1
q416	309	1
q416	330	1
q416	345	1
q416	383	1
q416	393	1
q417	330	1
q418	1238	1
q418	1365	1
q418	1366	1
q419	1365	1
q420	1338	1
q420	1247	1
q421	1365	1
q421	1366	1
q421	1367	1
q422	309	1
q422	330	1
q422	345	1
q422	354	1
q422	359	1
q422	393	1
q423	1792	1
q423	1793	1
q423	1795	1
q423	1803	1
q423	1812	1
q425	830	1
q425	833	1
q425	1865	1
q425	1888	1
q426	1795	1
q427	1865	1
q428	1320	1
q428	1338	1
q428	1838	1
q430	1339	1
q430	1245	1
q432	1236	1
q432	1246	1
q432	1247	1
q432	1266	1
q432	1267	1
q432	1517	1
q432	1813	1
q433	1868	1
q433	1870	1
q434	19	1
q435	152	1
q436	1313	1
q436	1320	1
q438	1338	1
q438	1548	1
q438	1554	1
q438	1559	1
q438	1560	1
q438	1563	1
q438	1570	1
q438	1576	1
q438	1868	1
q439	613	1
q440	1865	1
q443	1865	1
q444	1243	1
q444	1244	1
q444	1245	1
q444	1253	1
q444	1254	1
q444	1255	1
q447	1328	1
q447	1242	1
q447	1243	1
q447	1246	1
q447	1335	1
q447	1338	1
q448	1888	1
q451	19	1
q452	1329	1
q453	1320	1
q453	1365	1
q456	1320	1
q456	1338	1
q459	1365	1
q459	1243	1
q459	192	1
q459	195	1
q460	1320	1
q460	1322	1
q460	1329	1
q460	1330	1
q460	1337	1
q460	1338	1
q460	1339	1
q461	1365	1
q463	1320	1
q463	1886	1
q465	613	1
q465	1238	1
q465	1243	1
q465	1338	1
q465	1838	1
q465	1917	1
q465	1925	1
q466	1365	1
q468	1917	1
q469	1865	1
q470	1868	1
q471	1365	1
q471	1243	1
q472	330	1
q472	345	1
q473	1865	1
q473	1906	1
q476	1865	1
q477	196	1
q477	1865	1
q478	1320	1
q480	1365	1
q481	1238	1
q481	1242	1
q481	1243	1
q481	1246	1
q481	1320	1
q481	1338	1
q481	1865	1
q483	1888	1
q484	1865	1
q485	1365	1
q485	1337	1
q485	1243	1
q486	1320	1
q486	531	1
q487	1320	1
q487	1321	1
q487	1338	1
q487	1340	1
q487	1267	1
q487	1365	1
q487	1457	1
q487	1865	1
q488	1365	1
q488	1366	1
q488	1367	1
q489	1865	1
q491	1320	1
q491	1365	1
q491	1366	1
q491	1866	1
q491	1923	1
q491	1925	1
q493	1320	1
q493	1338	1
q493	1340	1
q493	1238	1
q493	1243	1
q494	1238	1
q494	1338	1
q495	1365	1
q495	1366	1
q496	1320	1
q496	1365	1
q499	1238	1
q499	1239	1
q499	1320	1
q499	1338	1
q502	1365	1
q502	1471	1
q502	1491	1
q502	1508	1
q502	1796	1
q502	1868	1
q502	1869	1
q502	1917	1
q503	1917	1
q504	1365	1
q505	1365	1
q507	1365	1
q507	1370	1
q508	1338	1
q508	1365	1
q509	1238	1
q509	1266	1
q509	1267	1
q509	1338	1
q510	1320	1
q510	1337	1
q510	1338	1
q510	1365	1
q510	1917	1
q511	1338	1
q511	1548	1
q511	1576	1
q511	1851	1
q511	1858	1
q511	1917	1
q512	1365	1
q516	1320	1
q516	1338	1
q516	1340	1
q518	1365	1
q518	1917	1
q519	1865	1
q520	1313	1
q520	1320	1
q520	1754	1
q521	1365	1
q522	378	1
q522	379	1
q522	380	1
q522	381	1
q522	1917	1
q523	1365	1
q523	1838	1
q524	1320	1
q524	1338	1
q524	1340	1
q525	1320	1
q525	1234	1
q525	1267	1
q526	1865	1
q527	1917	1
q528	1858	1
q531	1313	1
q531	1338	1
q531	1243	1
q532	1338	1
q533	1356	1
q533	1865	1
q534	1365	1
q536	19	1
q537	1320	1
q537	1338	1
q537	1238	1
q539	1365	1
q540	1365	1
q541	1365	1
q541	1238	1
q541	1339	1
q541	180	1
q543	1244	1
q543	1245	1
q543	1365	1
q543	1460	1
q544	1238	1
q544	1338	1
q544	1868	1
q544	1870	1
q545	1365	1
q546	1365	1
q547	1365	1
q548	1320	1
q548	1338	1
q548	1340	1
q548	1365	1
q548	1917	1
q549	100	1
q549	832	1
q549	833	1
q550	1244	1
q550	1267	1
q550	1335	1
q550	1341	1
q550	1365	1
q550	1519	1
q551	433	1
q551	434	1
q551	436	1
q551	439	1
q552	330	1
q553	1320	1
q553	1365	1
q553	1457	1
q553	1471	1
q553	1491	1
q553	1496	1
q554	309	1
q554	330	1
q554	340	1
q554	345	1
q554	359	1
q554	383	1
q554	393	1
q557	1320	1
q557	1796	1
q557	1858	1
q557	1859	1
q558	1365	1
q559	1320	1
q559	1236	1
q559	1243	1
q559	1266	1
q559	1267	1
q561	1865	1
q562	1338	1
q562	1365	1
q563	1315	1
q563	1338	1
q563	1243	1
q563	571	1
q564	1238	1
q564	1243	1
q564	1338	1
q565	330	1
q566	1233	1
q566	1243	1
q566	1267	1
q566	1247	1
q567	1868	1
q567	1870	1
q568	330	1
q568	345	1
q568	383	1
q569	345	1
q569	330	1
q570	330	1
q570	345	1
q570	359	1
q571	1131	1
q571	1243	1
q571	1246	1
q571	1338	1
q571	1365	1
q571	1838	1
q573	309	1
q573	330	1
q573	345	1
q573	354	1
q573	359	1
q573	383	1
q573	393	1
q574	19	1
q577	1365	1
q577	1320	1
q578	309	1
q578	345	1
q578	393	1
q579	1320	1
q579	1321	1
q579	1338	1
q579	1238	1
q579	1239	1
q579	1243	1
q580	309	1
q580	330	1
q580	345	1
q580	354	1
q580	359	1
q580	383	1
q580	393	1
q581	330	1
q581	345	1
q581	359	1
q582	1865	1
q583	1313	1
q583	1320	1
q583	1338	1
q583	1238	1
q583	1239	1
q583	1243	1
q583	1247	1
q583	1365	1
q584	1338	1
q584	1865	1
q584	192	1
q584	206	1
q587	1238	1
q587	1243	1
q588	1365	1
q590	1917	1
q592	1863	1
q594	1	1
q594	100	1
q594	101	1
q595	345	1
q596	330	1
q596	345	1
q596	383	1
q599	1320	1
q599	1338	1
q600	1100	1
q600	1365	1
q601	852	1
q602	1320	1
q602	1338	1
q602	1365	1
q602	1868	1
q602	1917	1
q604	1340	1
q604	1320	1
q605	163	1
q605	164	1
q605	1866	1
q606	613	1
q606	1238	1
q606	1338	1
q607	1320	1
q607	1338	1
q607	1792	1
q607	1795	1
q607	1796	1
q608	1865	1
q608	1906	1
q610	1906	1
q611	1320	1
q611	1321	1
q611	1328	1
q611	1338	1
q611	1449	1
q612	1865	1
q613	1365	1
q614	1320	1
q614	1338	1
q614	1340	1
q614	1365	1
q615	1238	1
q615	1338	1
q615	1868	1
q615	1870	1
q617	1365	1
q619	345	1
q619	359	1
q619	383	1
q620	1365	1
q621	1906	1
q624	1946	1
q624	1963	1
q624	1365	1
q624	1366	1
q625	1238	1
q625	1925	1
q626	1868	1
q626	1870	1
q627	330	1
q627	1320	1
q627	1329	1
q627	1330	1
q630	1320	1
q630	1338	1
q630	1340	1
q631	1313	1
q631	1238	1
q631	1239	1
q631	1243	1
q632	1365	1
q633	1796	1
q635	330	1
q637	330	1
q638	1234	1
q638	1238	1
q638	1239	1
q638	1243	1
q638	1313	1
q638	1320	1
q638	1813	1
q640	1320	1
q640	1338	1
q641	330	1
q641	345	1
q642	330	1
q642	345	1
q642	383	1
q644	309	1
q644	330	1
q644	345	1
q644	354	1
q644	359	1
q646	330	1
q646	354	1
q646	359	1
q647	1131	1
q647	149	1
q647	1243	1
q648	1365	1
q649	309	1
q649	330	1
q649	345	1
q649	359	1
q649	383	1
q649	393	1
q650	330	1
q650	433	1
q650	434	1
q650	436	1
q650	439	1
q650	452	1
q651	1320	1
q651	1338	1
q651	1234	1
q651	195	1
q652	345	1
q653	330	1
q653	383	1
q654	1865	1
q655	433	1
q655	434	1
q655	439	1
q656	1338	1
q657	309	1
q657	330	1
q657	345	1
q657	359	1
q657	383	1
q657	393	1
q658	330	1
q658	345	1
q658	359	1
q658	383	1
q661	433	1
q661	434	1
q661	436	1
q664	330	1
q664	433	1
q664	434	1
q664	436	1
q664	439	1
q664	452	1
q664	453	1
q665	1865	1
q666	330	1
q666	359	1
q667	1320	1
q667	1338	1
q667	1313	1
q668	1238	1
q669	1888	1
q670	1313	1
q670	1238	1
q670	1243	1
q670	1320	1
q670	1321	1
q670	1330	1
q670	1335	1
q670	1337	1
q670	1338	1
q672	1365	1
q674	345	1
q674	359	1
q674	433	1
q674	434	1
q674	436	1
q674	462	1
q677	1320	1
q677	1342	1
q677	1338	1
q678	330	1
q678	345	1
q678	383	1
q679	330	1
q680	430	1
q681	330	1
q682	1365	1
q683	1313	1
q683	1338	1
q683	1365	1
q684	1365	1
q685	330	1
q689	330	1
q691	1338	1
q691	1365	1
q692	1868	1
q693	1868	1
q698	330	1
q698	345	1
q699	1365	1
q699	1946	1
q700	1320	1
q700	1338	1
q701	309	1
q701	330	1
q701	345	1
q701	359	1
q701	383	1
q701	393	1
q702	1320	1
q702	1338	1
q702	1340	1
q703	1865	1
q703	1906	1
q704	1320	1
q704	1338	1
q704	1365	1
q705	309	1
q705	345	1
q705	393	1
q706	330	1
q707	330	1
q708	330	1
q708	345	1
q709	1365	1
q710	1865	1
q710	1918	1
q710	1925	1
q711	330	1
q711	345	1
q712	330	1
q713	330	1
q713	345	1
q713	383	1
q714	1365	1
q715	1365	1
q717	1338	1
q719	1320	1
q719	1338	1
q719	1365	1
q719	1457	1
q719	1917	1
q721	330	1
q721	345	1
q721	393	1
q722	309	1
q722	330	1
q722	345	1
q722	359	1
q722	383	1
q722	393	1
q723	1365	1
q724	1906	1
q728	1865	1
q729	345	1
q729	383	1
q730	330	1
q730	354	1
q730	359	1
q731	1865	1
q732	330	1
q732	345	1
q733	330	1
q733	345	1
q733	383	1
q734	1365	1
q734	1366	1
q734	1367	1
q735	1131	1
q735	1238	1
q735	1243	1
q735	1365	1
q736	330	1
q736	345	1
q736	354	1
q736	359	1
q737	330	1
q737	359	1
q738	1865	1
q738	1906	1
q740	330	1
q740	345	1
q740	383	1
q741	1320	1
q741	1365	1
q741	1339	1
q741	1238	1
q742	330	1
q743	1236	1
q743	1237	1
q743	1238	1
q743	1243	1
q744	8	1
q744	37	1
q746	309	1
q746	330	1
q746	340	1
q746	345	1
q746	359	1
q746	383	1
q746	393	1
q747	1365	1
q747	1971	1
q750	393	1
q751	330	1
q752	330	1
q752	345	1
q752	383	1
q753	1365	1
q753	1917	1
q753	1238	1
q753	1243	1
q753	1338	1
q753	1340	1
q754	330	1
q754	345	1
q755	330	1
q756	330	1
q756	345	1
q756	359	1
q756	383	1
q757	330	1
q758	1835	1
q759	1365	1
q759	1366	1
q760	330	1
q760	345	1
q760	383	1
q762	1865	1
q763	1792	1
q763	1795	1
q763	1796	1
q763	1813	1
q763	1814	1
q763	1365	1
q764	433	1
q764	434	1
q764	436	1
q766	433	1
q766	434	1
q766	436	1
q766	443	1
q767	345	1
q768	1865	1
q771	433	1
q771	436	1
q772	613	1
q772	1365	1
q773	1238	1
q773	1239	1
q773	1244	1
q773	1246	1
q773	1250	1
q774	433	1
q774	434	1
q774	436	1
q774	440	1
q775	1906	1
q775	1865	1
q776	309	1
q776	330	1
q776	345	1
q776	359	1
q776	383	1
q776	393	1
q778	1365	1
q778	1311	1
q780	330	1
q780	345	1
q781	330	1
q782	1868	1
q782	1870	1
q783	330	1
q783	433	1
q783	434	1
q783	436	1
q783	440	1
q783	452	1
q784	330	1
q784	345	1
q785	330	1
q785	345	1
q786	852	1
q786	854	1
q786	855	1
q787	330	1
q788	1320	1
q789	330	1
q789	359	1
q790	330	1
q790	340	1
q791	1267	1
q791	1320	1
q791	1338	1
q794	1865	1
q794	1906	1
q795	330	1
q795	359	1
q796	345	1
q797	1320	1
q797	1337	1
q797	1365	1
q797	1457	1
q797	1475	1
q797	1870	1
q799	462	1
q800	330	1
q802	1238	1
q802	1243	1
q802	1338	1
q803	1339	1
q803	1365	1
q804	1320	1
q804	1321	1
q804	1322	1
q804	1323	1
q804	1328	1
q807	1320	1
q808	309	1
q808	330	1
q808	345	1
q808	393	1
q809	330	1
q810	330	1
q810	340	1
q810	345	1
q811	393	1
q812	345	1
q812	359	1
q813	330	1
q813	359	1
q813	383	1
q815	1865	1
q816	330	1
q817	1365	1
q819	330	1
q819	433	1
q819	434	1
q819	436	1
q819	440	1
q819	452	1
q820	345	1
q821	1868	1
q821	1870	1
q822	330	1
q822	433	1
q822	434	1
q822	440	1
q822	441	1
q822	449	1
q822	452	1
q823	1320	1
q823	1321	1
q823	1338	1
q824	330	1
q825	330	1
q827	1868	1
q827	1870	1
q828	1917	1
q829	1338	1
q829	1365	1
q830	1330	1
q831	1338	1
q831	1365	1
q833	330	1
q834	1365	1
q834	1320	1
q835	1320	1
q835	1329	1
q835	1330	1
q835	1337	1
q835	1365	1
q837	330	1
q837	345	1
q837	383	1
q838	1868	1
q838	1870	1
q839	393	1
q840	330	1
q840	433	1
q840	434	1
q840	436	1
q840	439	1
q840	441	1
q840	449	1
q840	452	1
q841	1870	1
q841	1320	1
q842	330	1
q842	345	1
q842	383	1
q843	1320	1
q843	1457	1
q844	330	1
q844	345	1
q844	383	1
q845	1365	1
q845	1836	1
q845	1865	1
q847	330	1
q847	345	1
q848	1243	1
q848	1266	1
q848	1267	1
q848	1335	1
q848	1337	1
q848	1365	1
q848	1367	1
q848	1923	1
q848	1925	1
q849	19	1
q850	330	1
q851	330	1
q851	383	1
q853	1320	1
q853	1337	1
q853	1338	1
q853	1243	1
q853	1244	1
q853	1245	1
q854	1865	1
q855	330	1
q855	359	1
q855	383	1
q856	1100	1
q856	1858	1
q856	1917	1
q857	345	1
q858	1365	1
q859	433	1
q859	434	1
q859	436	1
q859	440	1
q859	462	1
q860	330	1
q860	345	1
q860	354	1
q860	359	1
q861	1365	1
q861	1831	1
q861	1347	1
q862	330	1
q863	1365	1
q863	1868	1
q863	1870	1
q864	345	1
q866	1243	1
q866	1338	1
q866	1365	1
q866	1366	1
q867	330	1
q867	345	1
q868	309	1
q868	330	1
q868	345	1
q868	359	1
q868	383	1
q868	393	1
q870	330	1
q871	309	1
q871	330	1
q871	345	1
q871	359	1
q871	383	1
q871	393	1
q872	330	1
q872	345	1
q872	383	1
q873	1906	1
q874	1906	1
q875	1238	1
q875	1243	1
q875	1244	1
q875	1338	1
q877	393	1
q878	1320	1
q878	1338	1
q878	1246	1
q878	1340	1
q879	330	1
q879	345	1
q879	383	1
q881	1365	1
q881	1366	1
q883	330	1
q883	345	1
q884	1906	1
q885	19	1
q886	330	1
q886	345	1
q887	1320	1
q888	1906	1
q889	1320	1
q889	1321	1
q889	1365	1
q890	330	1
q890	345	1
q890	383	1
q891	1865	1
q891	1906	1
q892	1865	1
q893	345	1
q895	1365	1
q896	1865	1
q898	330	1
q899	1365	1
q899	1367	1
q899	1317	1
q899	1319	1
q899	1320	1
q899	1338	1
q899	1342	1
q899	1601	1
q899	1694	1
q899	1719	1
q902	1320	1
q902	1338	1
q902	1365	1
q903	1916	1
q903	1920	1
q904	330	1
q904	354	1
q904	359	1
q905	1365	1
q906	1356	1
q907	330	1
q907	340	1
q907	345	1
q907	359	1
q908	1870	1
q909	330	1
q909	345	1
q909	383	1
q911	1365	1
q912	359	1
q912	383	1
q915	309	1
q915	330	1
q915	345	1
q915	393	1
q916	1365	1
q917	138	1
q917	1243	1
q917	1320	1
q917	1338	1
q917	1340	1
q919	1365	1
q920	1457	1
q920	1458	1
q920	1865	1
q921	433	1
q921	434	1
q921	436	1
q921	439	1
q922	1320	1
q922	1340	1
q923	1888	1
q924	1906	1
q925	345	1
q925	383	1
q926	1320	1
q926	1321	1
q926	1322	1
q926	1323	1
q926	1324	1
q926	1325	1
q926	1328	1
q926	1335	1
q926	1337	1
q926	1365	1
q927	433	1
q927	434	1
q927	436	1
q927	437	1
q927	446	1
q928	1320	1
q928	1338	1
q928	1862	1
q930	1243	1
q930	1244	1
q930	1245	1
q930	1320	1
q930	1337	1
q930	1338	1
q930	1365	1
q930	1366	1
q930	1367	1
q930	1865	1
q931	309	1
q931	330	1
q931	345	1
q931	354	1
q931	359	1
q931	383	1
q931	393	1
q932	1365	1
q934	330	1
q934	345	1
q935	330	1
q936	1320	1
q937	1888	1
q939	1365	1
q939	1337	1
q939	1338	1
q940	1868	1
q940	1870	1
q941	330	1
q942	1338	1
q943	1234	1
q943	1243	1
q943	1365	1
q944	1320	1
q944	1338	1
q944	1238	1
q945	1835	1
q947	1234	1
q947	1243	1
q947	1338	1
q947	1865	1
q948	1365	1
q949	1320	1
q949	1338	1
q949	1340	1
q949	1365	1
q949	1366	1
q950	1365	1
q951	330	1
q953	1365	1
q954	1865	1
q956	1320	1
q956	1335	1
q956	1337	1
q956	1340	1
q956	1365	1
q956	1366	1
q957	1688	1
q958	345	1
q961	1365	1
q962	330	1
q962	359	1
q963	330	1
q963	345	1
q963	383	1
q965	1320	1
q965	1338	1
q965	1100	1
q965	833	1
q966	1100	1
q966	1365	1
q967	188	1
q968	188	1
q970	1320	1
q970	1365	1
q971	393	1
q971	842	1
q973	433	1
q973	434	1
q975	1234	1
q975	1238	1
q975	1243	1
q976	188	1
q977	188	1
q978	1365	1
q980	1335	1
q980	1337	1
q980	1365	1
q981	307	1
q981	330	1
q981	345	1
q981	383	1
q982	1238	1
q985	188	1
q988	188	1
q990	1888	1
q991	188	1
q992	345	1
q993	1888	1
q995	1365	1
q996	188	1
q999	188	1
q1000	1238	1
q1000	1243	1
q1000	1813	1
q1000	1820	1
q1000	1888	1
q1000	1922	1
q1000	1365	1
q1002	188	1
q1003	188	1
q1003	229	1
q1004	1238	1
q1004	1243	1
q1004	1244	1
q1005	188	1
q1005	229	1
q1006	188	1
q1007	832	1
q1007	330	1
q1009	330	1
q1009	1888	1
q1010	188	1
q1010	1238	1
q1010	1243	1
q1010	1246	1
q1010	1250	1
q1012	188	1
q1013	1370	1
q1013	1371	1
q1013	1372	1
q1016	188	1
q1017	103	1
q1018	1365	1
q1019	1865	1
q1020	1863	1
q1021	433	1
q1021	434	1
q1022	330	1
q1022	345	1
q1022	307	1
q1022	383	1
q1023	188	1
q1024	188	1
q1025	261	1
q1026	188	1
q1028	330	1
q1029	188	1
q1029	393	1
q1029	394	1
q1030	299	1
q1030	330	1
q1030	397	1
q1030	1865	1
q1031	229	1
q1032	1365	1
q1032	1320	1
q1032	1457	1
q1032	1967	1
q1034	188	1
q1034	433	1
q1034	434	1
q1034	436	1
q1034	452	1
q1035	463	1
q1035	1888	1
q1036	1320	1
q1036	1243	1
q1038	1365	1
q1038	1967	1
q1039	1338	1
q1039	1831	1
q1040	1320	1
q1040	1471	1
q1042	208	1
q1043	1888	1
q1044	1888	1
q1045	188	1
q1046	1888	1
q1047	1320	1
q1047	1335	1
q1047	1337	1
q1049	188	1
q1050	188	1
q1051	1320	1
q1051	1338	1
q1051	188	1
q1051	1925	1
q1052	895	1
q1052	913	1
q1052	914	1
q1053	393	1
q1053	394	1
q1053	1320	1
q1054	188	1
q1055	1100	1
q1055	1243	1
q1055	1365	1
q1056	393	1
q1056	394	1
q1057	393	1
q1058	393	1
q1059	393	1
q1060	393	1
q1061	393	1
q1062	330	1
q1063	188	1
q1064	188	1
q1065	330	1
q1065	331	1
q1067	1320	1
q1067	1338	1
q1067	1339	1
q1068	299	1
q1068	433	1
q1068	434	1
q1068	436	1
q1069	299	1
q1074	433	1
q1074	434	1
q1074	436	1
q1074	452	1
q1075	330	1
q1075	345	1
q1075	393	1
q1076	1365	1
q1077	1320	1
q1077	1338	1
q1079	188	1
q1080	433	1
q1080	434	1
q1086	393	1
q1087	188	1
q1088	393	1
q1089	393	1
q1090	433	1
q1090	434	1
q1092	1888	1
q1094	188	1
q1095	188	1
q1095	433	1
q1095	434	1
q1095	436	1
q1095	452	1
q1096	188	1
q1098	1238	1
q1098	1239	1
q1098	1243	1
q1098	1250	1
q1098	1866	1
q1099	463	1
q1099	467	1
q1099	468	1
q1099	492	1
q1100	188	1
q1101	188	1
q1103	188	1
q1104	1243	1
q1105	330	1
q1107	331	1
q1107	351	1
q1107	354	1
q1107	361	1
q1108	330	1
q1108	393	1
q1109	188	1
q1110	188	1
q1111	188	1
q1112	188	1
q1113	393	1
q1114	188	1
q1116	1320	1
q1116	330	1
q1117	331	1
q1117	351	1
q1117	354	1
q1117	361	1
q1118	393	1
q1119	393	1
q1120	330	1
q1120	1888	1
q1121	393	1
q1124	393	1
q1126	188	1
q1126	433	1
q1126	434	1
q1126	452	1
q1127	188	1
q1128	1233	1
q1128	1234	1
q1128	1243	1
q1128	1244	1
q1128	1246	1
q1128	1249	1
q1128	1338	1
q1128	1365	1
q1130	1365	1
q1130	1266	1
q1130	1338	1
q1131	1666	1
q1131	1682	1
q1131	1683	1
q1131	1687	1
q1132	330	1
q1132	331	1
q1132	524	1
q1134	393	1
q1135	393	1
q1137	188	1
q1139	330	1
q1143	1865	1
q1145	188	1
q1145	393	1
q1145	394	1
q1146	188	1
q1147	188	1
q1148	188	1
q1150	393	1
q1151	330	1
q1151	1888	1
q1157	188	1
q1161	330	1
q1162	188	1
q1163	393	1
q1164	188	1
q1165	188	1
q1166	1338	1
q1169	188	1
q1171	188	1
q1171	393	1
q1171	394	1
q1172	1863	1
q1173	330	1
q1173	345	1
q1173	359	1
q1173	360	1
q1175	188	1
q1175	393	1
q1175	394	1
q1177	331	1
q1177	351	1
q1177	361	1
q1178	330	1
q1181	1267	1
q1181	1337	1
q1181	1365	1
q1181	1367	1
q1182	188	1
q1183	1320	1
q1183	1338	1
q1183	1963	1
q1183	1967	1
q1185	330	1
q1185	345	1
q1185	832	1
q1187	188	1
q1188	1238	1
q1188	1267	1
q1190	1320	1
q1190	1337	1
q1190	1338	1
q1190	1365	1
q1191	1320	1
q1191	1338	1
q1191	1234	1
q1191	1238	1
q1191	1239	1
q1191	1243	1
q1191	1244	1
q1191	1250	1
q1191	1131	1
q1191	1313	1
q1192	330	1
q1193	1320	1
q1193	1338	1
q1193	1238	1
q1193	1243	1
q1193	1763	1
q1196	106	1
q1197	1320	1
q1197	1338	1
q1197	1365	1
q1198	1320	1
q1198	1338	1
q1198	1238	1
q1198	1239	1
q1199	433	1
q1199	434	1
q1200	1335	1
q1200	1337	1
q1200	1338	1
q1200	1365	1
q1200	1367	1
q1201	1404	1
q1202	1320	1
q1202	1338	1
q1203	188	1
q1204	393	1
q1205	188	1
q1206	1238	1
q1206	1365	1
q1207	1365	1
q1208	393	1
q1209	1888	1
q1210	188	1
q1212	1320	1
q1212	1458	1
q1213	1234	1
q1213	1243	1
q1213	1246	1
q1213	1239	1
q1213	188	1
q1213	1313	1
q1213	1320	1
q1213	1338	1
q1213	1938	1
q1214	188	1
q1216	188	1
q1217	188	1
q1219	188	1
q1219	393	1
q1219	394	1
q1221	1320	1
q1221	1335	1
q1221	1337	1
q1221	1338	1
q1221	1365	1
q1223	1313	1
q1223	1338	1
q1223	1236	1
q1223	1238	1
q1223	1239	1
q1223	1243	1
q1223	1250	1
q1223	1888	1
q1224	1243	1
q1224	1365	1
q1225	188	1
q1226	331	1
q1226	351	1
q1226	361	1
q1228	436	1
q1229	188	1
q1229	229	1
q1230	1243	1
q1231	613	1
q1231	1238	1
q1231	1243	1
q1231	1338	1
q1231	1339	1
q1231	1917	1
q1232	433	1
q1232	434	1
q1232	436	1
q1233	1365	1
q1233	1963	1
q1233	1964	1
q1233	1967	1
q1234	330	1
q1234	1888	1
q1235	1888	1
q1236	330	1
q1236	446	1
q1237	188	1
q1239	1320	1
q1239	1337	1
q1239	1338	1
q1240	1236	1
q1240	1237	1
q1240	1243	1
q1240	1267	1
q1240	1313	1
q1240	1365	1
q1240	1370	1
q1240	1372	1
q1240	1457	1
q1241	1243	1
q1243	1365	1
q1244	1365	1
q1245	188	1
q1246	433	1
q1246	434	1
q1246	436	1
q1247	393	1
q1247	394	1
q1248	188	1
q1249	393	1
q1250	1320	1
q1251	1320	1
q1251	529	1
q1252	188	1
q1253	1365	1
q1253	1366	1
q1253	188	1
q1254	1365	1
q1254	1238	1
q1255	393	1
q1256	1238	1
q1256	1243	1
q1256	1338	1
q1256	1865	1
q1257	188	1
q1258	1320	1
q1258	1321	1
q1258	1330	1
q1258	1332	1
q1258	1335	1
q1258	1337	1
q1258	1338	1
q1258	1365	1
q1259	393	1
q1259	394	1
q1260	433	1
q1260	434	1
q1260	436	1
q1261	188	1
q1262	330	1
q1262	1888	1
q1263	103	1
q1264	1313	1
q1264	1338	1
q1264	1238	1
q1264	1239	1
q1264	1243	1
q1264	1244	1
q1265	1365	1
q1267	1888	1
q1268	1365	1
q1269	188	1
q1270	1888	1
q1271	188	1
q1272	1865	1
q1273	188	1
q1273	330	1
q1274	1888	1
q1275	330	1
q1275	345	1
q1276	1888	1
q1277	1320	1
q1277	1338	1
q1277	1763	1
q1278	1365	1
q1279	1865	1
q1280	330	1
q1280	345	1
q1282	1365	1
q1283	1238	1
q1283	1243	1
q1283	1365	1
q1286	188	1
q1286	393	1
q1286	394	1
q1287	330	1
q1287	1888	1
q1288	1365	1
q1291	310	1
q1291	393	1
q1291	394	1
q1292	1365	1
q1293	330	1
q1294	188	1
q1295	188	1
q1295	393	1
q1295	394	1
q1298	1239	1
q1298	1813	1
q1298	1814	1
q1298	188	1
q1304	1365	1
q1305	1365	1
q1305	1851	1
q1306	1865	1
q1309	1234	1
q1309	1238	1
q1309	1338	1
q1310	1320	1
q1310	1338	1
q1312	1320	1
q1313	511	1
q1313	612	1
q1314	1365	1
q1314	1367	1
q1315	1320	1
q1315	1338	1
q1315	1457	1
q1315	1838	1
q1315	1870	1
q1315	1967	1
q1316	1234	1
q1316	1320	1
q1316	1330	1
q1316	1457	1
q1316	1473	1
q1316	1474	1
q1316	1482	1
q1316	1504	1
q1316	1513	1
q1318	103	1
q1320	1888	1
q1321	1642	1
q1321	1643	1
q1321	1644	1
q1321	1645	1
q1321	1236	1
q1321	1239	1
q1321	1243	1
q1321	1246	1
q1321	1250	1
q1322	188	1
q1326	613	1
q1326	1365	1
q1328	1320	1
q1328	1338	1
q1328	1365	1
q1328	1457	1
q1328	1458	1
q1328	1489	1
q1329	393	1
q1331	188	1
q1333	1321	1
q1335	1865	1
q1336	393	1
q1337	1365	1
q1337	1367	1
q1339	1243	1
q1339	1266	1
q1339	1267	1
q1341	1320	1
q1341	1338	1
q1342	1365	1
q1343	1340	1
q1343	188	1
q1344	1365	1
q1346	1365	1
q1346	1865	1
q1349	1238	1
q1349	1246	1
q1349	1320	1
q1349	1338	1
q1350	833	1
q1351	1238	1
q1351	1243	1
q1351	1244	1
q1351	1267	1
q1351	1320	1
q1351	1338	1
q1352	1370	1
q1354	1365	1
q1356	188	1
q1357	1313	1
q1357	1320	1
q1357	1338	1
q1357	1865	1
q1357	1888	1
q1357	1938	1
q1358	1265	1
q1358	1266	1
q1360	1338	1
q1361	188	1
q1362	1888	1
q1365	188	1
q1365	229	1
q1366	106	1
q1367	1320	1
q1367	1338	1
q1368	1320	1
q1368	1365	1
q1369	1365	1
q1370	1320	1
q1370	1243	1
q1370	1238	1
q1371	1320	1
q1372	1320	1
q1373	1365	1
q1375	1320	1
q1375	1338	1
q1375	1339	1
q1376	1250	1
q1376	1243	1
q1377	1320	1
q1377	1338	1
q1381	1313	1
q1381	1315	1
q1381	1317	1
q1381	1338	1
q1381	1238	1
q1381	1239	1
q1381	1246	1
q1381	1767	1
q1383	1946	1
q1384	1365	1
q1385	1365	1
q1387	452	1
q1388	1365	1
q1388	1917	1
q1388	1967	1
q1389	345	1
q1389	393	1
q1389	394	1
q1390	393	1
q1391	1335	1
q1391	1337	1
q1391	1365	1
q1392	1851	1
q1393	830	1
q1393	831	1
q1393	832	1
q1393	833	1
q1393	834	1
q1393	1365	1
q1394	393	1
q1395	1239	1
q1395	1243	1
q1396	1365	1
q1396	330	1
q1397	1967	1
q1399	1238	1
q1399	1250	1
q1400	1238	1
q1400	1317	1
q1400	1340	1
q1400	1865	1
q1400	1866	1
q1402	21	1
q1402	25	1
q1403	188	1
q1403	613	1
q1403	1338	1
q1403	1365	1
q1404	1320	1
q1404	1666	1
q1404	1682	1
q1404	1683	1
q1404	1688	1
q1404	1690	1
q1406	1504	1
q1407	1320	1
q1407	1366	1
q1407	1866	1
q1407	1923	1
q1407	1925	1
q1408	1365	1
q1409	1365	1
q1410	188	1
q1412	1865	1
q1413	188	1
q1414	1239	1
q1414	1365	1
q1415	188	1
q1415	330	1
q1415	393	1
q1415	394	1
q1416	393	1
q1416	394	1
q1417	1320	1
q1417	1347	1
q1417	1365	1
q1418	103	1
q1420	196	1
q1421	103	1
q1424	19	1
q1425	433	1
q1425	434	1
q1426	1238	1
q1428	1365	1
q1429	1239	1
q1429	1243	1
q1429	1365	1
q1429	1457	1
q1430	188	1
q1430	229	1
q1434	1865	1
q1435	1888	1
q1436	1238	1
q1436	1338	1
q1436	1365	1
q1438	331	1
q1438	351	1
q1438	361	1
q1439	272	1
q1440	188	1
q1443	1329	1
q1443	1330	1
q1445	613	1
q1445	1238	1
q1445	1338	1
q1445	1339	1
q1445	1365	1
q1446	196	1
q1447	1865	1
q1448	1238	1
q1448	1338	1
q1448	1365	1
q1448	1866	1
q1448	1925	1
q1453	1365	1
q1453	1366	1
q1453	1367	1
q1455	1243	1
q1455	1247	1
q1455	1320	1
q1455	1338	1
q1456	188	1
q1457	1320	1
q1457	1338	1
q1458	1320	1
q1458	1338	1
q1458	1238	1
q1459	833	1
q1459	1238	1
q1460	188	1
q1461	1320	1
q1461	1338	1
q1461	1243	1
q1461	1246	1
q1461	1247	1
q1461	1438	1
q1461	1865	1
q1463	393	1
q1463	394	1
q1464	188	1
q1466	433	1
q1466	434	1
q1466	436	1
q1467	1365	1
q1469	1131	1
q1469	1243	1
q1469	1247	1
q1470	330	1
q1470	345	1
q1471	1313	1
q1471	1233	1
q1471	1234	1
q1473	330	1
q1473	345	1
q1473	354	1
q1474	340	1
q1474	345	1
q1474	330	1
q1475	188	1
q1476	188	1
q1477	1243	1
q1477	1365	1
q1480	433	1
q1480	434	1
q1481	1365	1
q1481	1366	1
q1481	1367	1
q1482	1317	1
q1482	1340	1
q1482	1400	1
q1484	188	1
q1485	330	1
q1486	1865	1
q1487	393	1
q1488	330	1
q1489	330	1
q1490	1131	1
q1490	1238	1
q1490	1243	1
q1490	1338	1
q1493	433	1
q1493	434	1
q1493	436	1
q1496	1967	1
q1497	1338	1
q1498	116	1
q1499	295	1
q1499	296	1
q1499	433	1
q1499	434	1
q1499	436	1
q1499	437	1
q1499	438	1
q1499	439	1
q1499	449	1
q1501	1688	1
q1501	1673	1
q1502	1865	1
q1503	1320	1
q1503	1338	1
q1503	1243	1
q1504	188	1
q1504	229	1
q1505	1888	1
q1506	1238	1
q1506	1243	1
q1506	1865	1
q1507	19	1
q1508	1365	1
q1508	1366	1
q1509	1365	1
q1510	1851	1
q1510	1858	1
q1512	330	1
q1512	1888	1
q1513	433	1
q1513	434	1
q1513	436	1
q1513	452	1
q1513	1888	1
q1515	613	1
q1515	1236	1
q1515	1320	1
q1515	1868	1
q1516	1365	1
q1516	24	1
q1517	188	1
q1520	1365	1
q1522	1365	1
q1523	1243	1
q1523	1250	1
q1523	1267	1
q1524	1365	1
q1524	1370	1
q1525	1792	1
q1526	188	1
q1527	1365	1
q1527	188	1
q1528	1338	1
q1528	1365	1
q1529	1365	1
q1531	330	1
q1532	1888	1
q1535	1320	1
q1535	1338	1
q1535	1340	1
q1535	1967	1
q1536	1963	1
q1537	1238	1
q1537	1321	1
q1537	1365	1
q1538	188	1
q1539	1365	1
q1540	1313	1
q1540	1320	1
q1540	1321	1
q1540	1338	1
q1540	1365	1
q1541	188	1
q1544	330	1
q1544	345	1
q1544	393	1
q1544	1330	1
q1548	1365	1
q1548	1366	1
q1549	188	1
q1551	188	1
q1552	188	1
q1554	1365	1
q1554	1338	1
q1554	1320	1
q1554	1324	1
q1555	1243	1
q1556	1338	1
q1556	1238	1
q1557	1320	1
q1557	1337	1
q1557	1338	1
q1557	1365	1
q1557	1367	1
q1558	1365	1
q1559	1313	1
q1559	1315	1
q1559	1320	1
q1559	1337	1
q1559	1338	1
q1559	1339	1
q1559	1340	1
q1560	1313	1
q1560	1365	1
q1560	1243	1
q1561	1365	1
q1562	1365	1
q1562	1366	1
q1563	1238	1
q1563	1239	1
q1563	1243	1
q1564	1316	1
q1564	1338	1
q1564	1250	1
q1565	107	1
q1566	1320	1
q1566	1338	1
q1566	1457	1
q1566	531	1
q1568	1865	1
q1569	1234	1
q1572	1313	1
q1572	1320	1
q1572	1243	1
q1572	1865	1
q1574	1320	1
q1574	1243	1
q1574	1244	1
q1574	1245	1
q1574	1246	1
q1574	1247	1
q1574	1266	1
q1574	1267	1
q1575	1365	1
q1575	1320	1
q1575	1321	1
q1575	1328	1
q1575	1337	1
q1575	1338	1
q1575	1253	1
q1576	163	1
q1576	181	1
q1576	1238	1
q1576	1239	1
q1576	1243	1
q1576	1246	1
q1577	1234	1
q1577	1243	1
q1577	1338	1
q1580	1338	1
q1580	1813	1
q1580	531	1
q1582	1365	1
q1582	1548	1
q1583	1338	1
q1583	1138	1
q1584	1243	1
q1584	1367	1
q1585	1234	1
q1585	1238	1
q1585	1243	1
q1585	1246	1
q1585	1250	1
q1585	1267	1
q1585	1320	1
q1585	1330	1
q1585	1338	1
q1585	1888	1
q1587	1865	1
q1588	1238	1
q1588	1365	1
q1589	1888	1
q1590	463	1
q1590	467	1
q1592	1320	1
q1592	1338	1
q1592	1234	1
q1594	1238	1
q1594	1243	1
q1594	1313	1
q1595	1246	1
q1595	1320	1
q1596	1365	1
q1596	1370	1
q1596	1371	1
q1596	1372	1
q1597	1320	1
q1597	1238	1
q1597	1243	1
q1597	1338	1
q1598	1865	1
q1599	1338	1
q1600	1365	1
q1601	45	1
q1602	1238	1
q1602	1243	1
q1602	1250	1
q1602	1320	1
q1602	1338	1
q1603	1338	1
q1603	1239	1
q1607	1365	1
q1608	1365	1
q1609	1365	1
q1610	1320	1
q1610	1338	1
q1611	1365	1
q1612	1313	1
q1612	1234	1
q1612	1238	1
q1613	1866	1
q1614	1320	1
q1614	1238	1
q1616	1238	1
q1616	1313	1
q1616	1320	1
q1616	1337	1
q1616	1338	1
q1617	1320	1
q1617	1338	1
q1618	1234	1
q1618	1238	1
q1618	1243	1
q1618	1365	1
q1618	1888	1
q1619	1320	1
q1619	1338	1
q1619	1365	1
q1619	1457	1
q1619	1868	1
q1619	1870	1
q1620	1320	1
q1621	1917	1
q1621	1923	1
q1623	1320	1
q1623	1338	1
q1623	1340	1
q1623	1457	1
q1624	1865	1
q1625	1330	1
q1626	1238	1
q1626	1338	1
q1627	1238	1
q1627	1239	1
q1627	1243	1
q1627	1250	1
q1627	1267	1
q1627	1320	1
q1627	1338	1
q1627	1365	1
q1627	1513	1
q1629	1866	1
q1630	1330	1
q1632	1365	1
q1633	1335	1
q1633	1865	1
q1633	1866	1
q1633	1888	1
q1634	330	1
q1635	1365	1
q1636	360	1
q1637	433	1
q1637	434	1
q1637	436	1
q1637	454	1
q1638	1131	1
q1638	1243	1
q1639	1457	1
q1643	1340	1
q1643	1337	1
q1644	123	1
q1644	1321	1
q1644	1323	1
q1644	1338	1
q1644	1365	1
q1645	1320	1
q1645	1338	1
q1645	1315	1
q1645	1340	1
q1645	1238	1
q1645	1239	1
q1645	1246	1
q1645	1313	1
q1645	1868	1
q1645	1689	1
q1646	433	1
q1646	434	1
q1646	436	1
q1647	1868	1
q1648	330	1
q1649	1338	1
q1649	1365	1
q1649	1370	1
q1650	1234	1
q1651	433	1
q1651	434	1
q1651	438	1
q1652	345	1
q1653	1365	1
q1657	1365	1
q1658	1917	1
q1660	1265	1
q1661	1320	1
q1661	1557	1
q1661	1558	1
q1661	1576	1
q1661	1925	1
q1662	1240	1
q1663	832	1
q1663	833	1
q1663	852	1
q1664	330	1
q1664	852	1
q1664	830	1
q1665	1365	1
q1665	1366	1
q1665	1367	1
q1665	1457	1
q1667	1328	1
q1667	1254	1
q1667	1365	1
q1670	1339	1
q1670	1365	1
q1671	1365	1
q1672	1365	1
q1672	1366	1
q1672	1367	1
q1674	433	1
q1674	434	1
q1674	436	1
q1675	1320	1
q1675	1337	1
q1676	1365	1
q1677	1365	1
q1677	1366	1
q1679	364	1
q1680	1365	1
q1681	1320	1
q1681	832	1
q1682	1100	1
q1683	1365	1
q1684	1330	1
q1684	330	1
q1684	359	1
q1684	362	1
q1686	1365	1
q1687	1365	1
q1687	1666	1
q1687	1676	1
q1687	1678	1
q1688	1365	1
q1688	1320	1
q1691	330	1
q1692	1243	1
q1693	330	1
q1694	308	1
q1694	345	1
q1694	360	1
q1694	394	1
q1694	1320	1
q1694	1330	1
q1695	1320	1
q1695	1338	1
q1697	433	1
q1697	434	1
q1697	435	1
q1698	433	1
q1698	436	1
q1698	830	1
q1700	1365	1
q1701	1339	1
q1701	1267	1
q1703	433	1
q1703	436	1
q1705	1320	1
q1705	1340	1
q1705	1471	1
q1705	1338	1
q1705	1234	1
q1705	1813	1
q1706	1320	1
q1706	1365	1
q1706	1795	1
q1706	1796	1
q1706	1865	1
q1706	1874	1
q1707	1365	1
q1708	1238	1
q1709	433	1
q1709	434	1
q1709	436	1
q1709	462	1
q1711	1365	1
q1711	1366	1
q1712	1320	1
q1712	1321	1
q1712	1335	1
q1712	1365	1
q1713	1365	1
q1714	1365	1
q1715	1320	1
q1715	1365	1
q1715	1767	1
q1716	1330	1
q1718	1320	1
q1720	1243	1
q1721	1917	1
q1723	1365	1
q1723	163	1
q1724	1365	1
q1725	1320	1
q1725	1338	1
q1726	1917	1
q1728	345	1
q1729	1320	1
q1729	1365	1
q1729	1370	1
q1729	1371	1
q1729	1372	1
q1729	1795	1
q1729	1865	1
q1730	330	1
q1731	1917	1
q1733	1888	1
q1734	1365	1
q1734	1366	1
q1735	1338	1
q1735	1457	1
q1735	1865	1
q1735	1888	1
q1736	1320	1
q1736	1321	1
q1736	1328	1
q1736	1329	1
q1737	1243	1
q1740	1365	1
q1740	1865	1
q1740	1946	1
q1740	1967	1
q1741	463	1
q1742	1365	1
q1743	436	1
q1744	1320	1
q1744	1338	1
q1744	1865	1
q1745	1365	1
q1746	1313	1
q1746	1243	1
q1746	1246	1
q1747	1365	1
q1748	1267	1
q1748	1860	1
q1749	1320	1
q1749	173	1
q1749	174	1
q1749	175	1
q1750	1320	1
q1750	1338	1
q1750	1243	1
q1752	330	1
q1752	359	1
q1752	362	1
q1753	433	1
q1753	434	1
q1753	436	1
q1753	439	1
q1754	1315	1
q1754	1318	1
q1754	1340	1
q1754	1870	1
q1754	1963	1
q1755	1888	1
q1757	1836	1
q1758	1866	1
q1760	1365	1
q1761	1365	1
q1763	1320	1
q1763	1338	1
q1763	1243	1
q1763	1238	1
q1764	1917	1
q1765	1365	1
q1766	1238	1
q1766	1365	1
q1766	1338	1
q1767	1365	1
q1769	1365	1
q1769	1243	1
q1769	1321	1
q1769	1324	1
q1769	1325	1
q1769	1865	1
q1770	1243	1
q1770	1320	1
q1770	1341	1
q1770	1380	1
q1770	1925	1
q1772	1365	1
q1774	1917	1
q1775	1243	1
q1776	1365	1
q1776	1967	1
q1778	330	1
q1779	1338	1
q1780	1313	1
q1780	1243	1
q1781	330	1
q1781	345	1
q1781	353	1
q1782	330	1
q1783	1330	1
q1785	1457	1
q1785	1458	1
q1785	1471	1
q1786	11	1
q1786	12	1
q1787	330	1
q1789	433	1
q1789	434	1
q1789	436	1
q1789	444	1
q1789	446	1
q1789	449	1
q1789	452	1
q1790	1238	1
q1790	1243	1
q1790	1250	1
q1790	1313	1
q1790	1320	1
q1792	433	1
q1792	434	1
q1792	436	1
q1793	1365	1
q1795	674	1
q1795	675	1
q1795	697	1
q1795	699	1
q1797	1865	1
q1798	1917	1
q1798	1338	1
q1798	1365	1
q1799	433	1
q1799	434	1
q1799	436	1
q1800	330	1
q1800	345	1
q1802	345	1
q1804	330	1
q1805	330	1
q1805	345	1
q1807	330	1
q1807	345	1
q1808	1313	1
q1808	1320	1
q1808	1338	1
q1808	1365	1
q1808	1457	1
q1808	1458	1
q1808	532	1
q1811	345	1
q1812	1238	1
q1812	1320	1
q1812	1338	1
q1813	1365	1
q1815	1320	1
q1815	1238	1
q1817	433	1
q1817	434	1
q1817	436	1
q1818	1365	1
q1819	1320	1
q1819	1338	1
q1820	345	1
q1820	353	1
q1821	330	1
q1821	393	1
q1823	330	1
q1823	345	1
q1825	1267	1
q1825	1458	1
q1826	1868	1
q1826	1871	1
q1826	1888	1
q1827	1365	1
q1827	1367	1
q1828	345	1
q1829	1338	1
q1831	1365	1
q1832	1320	1
q1832	1868	1
q1835	1100	1
q1835	1313	1
q1835	1338	1
q1836	11	1
q1837	433	1
q1837	434	1
q1837	435	1
q1837	436	1
q1839	1365	1
q1840	433	1
q1840	436	1
q1841	330	1
q1841	345	1
q1842	1365	1
q1844	1238	1
q1844	1243	1
q1844	1254	1
q1844	1320	1
q1844	1338	1
q1844	1365	1
q1844	1366	1
q1845	1365	1
q1845	468	1
q1845	476	1
q1847	433	1
q1847	434	1
q1847	436	1
q1848	1365	1
q1848	1366	1
q1850	1831	1
q1851	1831	1
q1851	136	1
q1852	1365	1
q1852	1367	1
q1853	1365	1
q1855	139	1
q1855	1917	1
q1856	1320	1
q1856	1338	1
q1856	1822	1
q1856	1824	1
q1858	1365	1
q1858	1366	1
q1860	433	1
q1860	466	1
q1861	1917	1
q1865	1365	1
q1866	1365	1
q1867	1313	1
q1867	1320	1
q1867	1338	1
q1867	1474	1
q1868	1243	1
q1868	1250	1
q1869	1365	1
q1871	1365	1
q1872	1365	1
q1873	1365	1
q1874	1100	1
q1874	1925	1
q1874	1868	1
q1874	1871	1
q1874	1874	1
q1874	1878	1
q1874	1888	1
q1875	246	1
q1876	1238	1
q1876	1320	1
q1876	1338	1
q1877	1767	1
q1878	1365	1
q1878	1367	1
q1879	1365	1
q1880	1365	1
q1880	1366	1
q1881	1320	1
q1882	1320	1
q1882	1238	1
q1882	1243	1
q1884	1320	1
q1884	1457	1
q1884	1475	1
q1884	1365	1
q1884	1482	1
q1887	51	1
q1887	330	1
q1888	103	1
q1889	1243	1
q1889	1244	1
q1890	1320	1
q1890	1338	1
q1890	18	1
q1890	1866	1
q1891	116	1
q1892	330	1
q1892	345	1
q1893	107	1
q1893	1868	1
q1893	1871	1
q1893	1874	1
q1893	1878	1
q1893	1888	1
q1894	19	1
q1894	1868	1
q1894	1871	1
q1894	1874	1
q1894	1878	1
q1894	1888	1
q1895	393	1
q1895	394	1
q1896	433	1
q1896	436	1
q1897	433	1
q1897	436	1
q1898	1868	1
q1898	1870	1
q1900	345	1
q1901	1365	1
q1904	1242	1
q1904	1246	1
q1904	1247	1
q1904	1248	1
q1904	1250	1
q1904	1251	1
q1904	1767	1
q1905	345	1
q1905	359	1
q1907	307	1
q1907	330	1
q1907	1329	1
q1907	1330	1
q1909	393	1
q1909	394	1
q1910	330	1
q1911	1365	1
q1911	1356	1
q1913	433	1
q1913	434	1
q1913	436	1
q1913	441	1
q1913	449	1
q1914	330	1
q1914	345	1
q1916	1365	1
q1916	1243	1
q1916	1317	1
q1916	1340	1
q1917	330	1
q1917	1888	1
q1919	330	1
q1919	331	1
q1920	1131	1
q1921	1320	1
q1921	1138	1
q1921	1246	1
q1921	1250	1
q1921	1454	1
q1921	330	1
q1922	1131	1
q1922	1234	1
q1922	1243	1
q1922	1238	1
q1922	1765	1
q1922	1767	1
q1923	1131	1
q1924	1239	1
q1925	1131	1
q1926	1243	1
q1926	1131	1
q1927	1888	1
q1928	1131	1
q1929	1320	1
q1929	1250	1
q1929	1454	1
q1929	330	1
q1930	1131	1
q1931	1320	1
q1932	1320	1
q1932	1330	1
q1932	1341	1
q1933	1243	1
q1933	1266	1
q1934	1244	1
q1935	1239	1
q1936	1131	1
q1937	1131	1
q1938	1131	1
q1939	1339	1
q1939	1243	1
q1940	1131	1
q1940	1234	1
q1940	1238	1
q1940	1243	1
q1940	1250	1
q1940	1320	1
q1940	1338	1
q1940	1765	1
q1940	1767	1
q1941	1320	1
q1941	1765	1
q1941	1767	1
q1942	13	1
q1942	14	1
q1942	16	1
q1942	1888	1
q1943	1243	1
q1944	1243	1
q1945	1238	1
q1945	1243	1
q1946	1131	1
q1946	1243	1
q1946	1339	1
q1947	1243	1
q1948	1234	1
q1948	1238	1
q1948	1243	1
q1948	1244	1
q1949	1320	1
q1949	1338	1
q1949	1765	1
q1949	1767	1
q1950	1131	1
q1950	1243	1
q1950	1339	1
q1951	1236	1
q1951	1246	1
q1952	1243	1
q1952	1131	1
q1953	1137	1
q1953	1813	1
q1954	1131	1
q1954	1234	1
q1954	1238	1
q1954	1239	1
q1954	1243	1
q1954	1244	1
q1955	463	1
q1956	1320	1
q1956	1338	1
q1956	1765	1
q1956	1767	1
q1956	1234	1
q1956	1243	1
q1957	1236	1
q1958	1320	1
q1958	1338	1
q1958	1765	1
q1958	1767	1
q1959	1243	1
q1960	1131	1
q1960	1133	1
q1961	1131	1
q1961	1243	1
q1961	1339	1
q1962	1239	1
q1963	1243	1
q1963	1131	1
q1964	1234	1
q1964	1238	1
q1964	1239	1
q1964	1243	1
q1964	1244	1
q1965	1243	1
q1966	1339	1
q1966	1243	1
q1967	1234	1
q1967	1238	1
q1967	1239	1
q1967	1243	1
q1967	1244	1
q1967	1131	1
q1968	1234	1
q1968	1243	1
q1968	1765	1
q1968	1767	1
q1969	1131	1
q1970	1131	1
q1970	1238	1
q1970	1320	1
q1970	1338	1
q1971	1888	1
q1972	1234	1
q1972	1238	1
q1972	1239	1
q1972	1243	1
q1972	1244	1
q1973	1131	1
q1973	1243	1
q1973	1339	1
q1974	1131	1
q1974	1243	1
q1974	1339	1
q1975	1323	1
q1976	1243	1
q1976	1131	1
q1977	1131	1
q1977	1248	1
q1977	1246	1
q1978	1131	1
q1978	1238	1
q1978	1243	1
q1978	1320	1
q1978	1338	1
q1979	1813	1
q1980	1131	1
q1980	1238	1
q1980	1243	1
q1981	1236	1
q1982	1131	1
q1983	1131	1
q1983	1320	1
q1983	1338	1
q1984	1131	1
q1984	1238	1
q1985	1320	1
q1985	1330	1
q1985	330	1
q1985	1454	1
q1986	1234	1
q1986	1246	1
q1987	1131	1
q1987	1243	1
q1987	1339	1
q1988	1320	1
q1988	1338	1
q1988	1131	1
q1988	1238	1
q1988	1243	1
q1988	1874	1
q1988	1925	1
q1989	1131	1
q1990	1137	1
q1990	1236	1
q1991	1131	1
q1991	1243	1
q1992	1131	1
q1992	1243	1
q1992	1320	1
q1993	1320	1
q1993	1338	1
q1994	1131	1
q1994	1238	1
q1994	1243	1
q1995	1131	1
q1995	1243	1
q1995	1339	1
q1996	1320	1
q1996	1338	1
q1996	1243	1
q1997	1131	1
q1997	1243	1
q1997	1339	1
q1998	1243	1
q1999	1243	1
q1999	1131	1
q2000	1339	1
q2000	1243	1
q2001	1320	1
q2001	1250	1
q2001	1131	1
q2001	1454	1
q2002	1243	1
q2002	1131	1
q2003	1320	1
q2003	1338	1
q2003	1765	1
q2003	1767	1
q2004	1131	1
q2004	1243	1
q2004	1339	1
q2005	1320	1
q2005	1765	1
q2005	1767	1
q2005	1234	1
q2005	1250	1
q2005	1243	1
q2005	1238	1
q2005	1338	1
q2006	1243	1
q2006	1131	1
q2007	1246	1
q2008	1243	1
q2008	1131	1
q2009	1243	1
q2009	1131	1
q2010	1131	1
q2011	1831	1
q2012	1365	1
q2013	1131	1
q2014	1339	1
q2015	1131	1
q2015	1243	1
q2016	1234	1
q2017	1131	1
q2017	1238	1
q2017	1243	1
q2017	1338	1
q2017	1339	1
q2017	1813	1
q2018	1239	1
q2019	1131	1
q2019	1243	1
q2019	1339	1
q2020	1339	1
q2020	1243	1
q2021	1320	1
q2021	1234	1
q2021	1765	1
q2021	1250	1
q2022	1239	1
q2023	1131	1
q2023	1243	1
q2024	1131	1
q2025	1131	1
q2026	1320	1
q2026	1338	1
q2026	1234	1
q2027	1234	1
q2027	1250	1
q2027	1765	1
q2027	1767	1
q2028	1131	1
q2028	1243	1
q2028	1339	1
q2029	1239	1
q2031	1239	1
q2032	1266	1
q2033	1243	1
q2033	1131	1
q2034	1339	1
q2034	1243	1
q2035	1234	1
q2035	1238	1
q2035	1243	1
q2035	1250	1
q2035	1320	1
q2035	1338	1
q2035	1765	1
q2035	1767	1
q2036	1138	1
q2036	1234	1
q2036	1238	1
q2036	1243	1
q2037	1239	1
q2038	1131	1
q2038	1243	1
q2038	1339	1
q2039	1320	1
q2039	1338	1
q2039	1765	1
q2039	1767	1
q2039	1234	1
q2039	1243	1
q2039	1250	1
q2040	1238	1
q2040	1243	1
q2041	1250	1
q2041	1320	1
q2041	1330	1
q2041	1454	1
q2041	330	1
q2042	1100	1
q2043	1131	1
q2043	1243	1
q2043	1339	1
q2044	1320	1
q2044	1250	1
q2044	1330	1
q2045	433	1
q2046	1234	1
q2046	1250	1
q2046	1765	1
q2046	1767	1
q2047	1365	1
q2048	1131	1
q2048	1246	1
q2048	1266	1
q2049	13	1
q2049	14	1
q2049	16	1
q2049	1888	1
q2050	1320	1
q2050	1234	1
q2050	1238	1
q2050	1243	1
q2050	1250	1
q2050	1765	1
q2050	1767	1
q2051	1365	1
q2052	1131	1
q2052	1234	1
q2052	1238	1
q2052	1243	1
q2052	1250	1
q2052	1765	1
q2052	1767	1
q2053	1131	1
q2054	1238	1
q2055	1131	1
q2055	1238	1
q2055	1243	1
q2056	1243	1
q2057	1320	1
q2057	1330	1
q2057	330	1
q2057	1454	1
q2057	1238	1
q2058	1323	1
q2059	1365	1
q2060	1234	1
q2060	1765	1
q2060	1767	1
q2060	1243	1
q2061	1239	1
q2062	1131	1
q2063	1131	1
q2064	13	1
q2064	14	1
q2064	16	1
q2064	1888	1
q2065	1320	1
q2065	1250	1
q2065	1131	1
q2065	1234	1
q2065	1238	1
q2065	1243	1
q2065	1765	1
q2065	1767	1
q2066	1131	1
q2066	1246	1
q2067	1320	1
q2067	1330	1
q2067	330	1
q2067	1246	1
q2067	1250	1
q2067	1454	1
q2068	1243	1
q2068	1131	1
q2069	1320	1
q2070	1131	1
q2071	13	1
q2071	14	1
q2071	16	1
q2071	1888	1
q2072	1131	1
q2073	1131	1
q2074	1131	1
q2074	1238	1
q2074	1243	1
q2075	1239	1
q2076	1243	1
q2076	1131	1
q2077	1243	1
q2078	1131	1
q2079	1131	1
q2079	1246	1
q2080	1131	1
q2080	1238	1
q2080	1243	1
q2081	1320	1
q2081	1338	1
q2081	1365	1
q2082	1131	1
q2082	1236	1
q2082	1238	1
q2082	1243	1
q2083	1	1
q2083	3	1
q2083	1243	1
q2083	1266	1
q2083	1267	1
q2083	1320	1
q2083	1517	1
q2083	1888	1
q2084	1131	1
q2084	1238	1
q2084	1243	1
q2085	1234	1
q2085	1365	1
q2086	1339	1
q2086	1243	1
q2087	531	1
q2087	1963	1
q2088	1243	1
q2089	1874	1
q2089	1963	1
q2090	13	1
q2090	14	1
q2090	16	1
q2090	1888	1
q2091	1320	1
q2091	1338	1
q2091	1765	1
q2091	1767	1
q2091	1234	1
q2091	1250	1
q2092	1131	1
q2092	1238	1
q2092	1243	1
q2095	1239	1
q2097	1917	1
q2097	1365	1
q2098	1339	1
q2098	1243	1
q2098	1131	1
q2099	1338	1
q2099	1365	1
q2100	1868	1
q2100	1338	1
q2101	13	1
q2101	14	1
q2101	16	1
q2101	1888	1
q2102	1320	1
q2102	1338	1
q2103	1131	1
q2104	1234	1
q2104	1238	1
q2104	1243	1
q2104	1244	1
q2105	1131	1
q2105	1234	1
q2105	1238	1
q2105	1243	1
q2105	1765	1
q2105	1767	1
q2106	1239	1
q2107	834	1
q2107	852	1
q2107	1066	1
q2108	1320	1
q2108	1335	1
q2108	1337	1
q2108	441	1
q2108	449	1
q2108	1453	1
q2109	13	1
q2109	14	1
q2109	16	1
q2109	1888	1
q2110	1865	1
q2111	1131	1
q2111	1243	1
q2112	1365	1
q2113	1320	1
q2113	1338	1
q2113	1250	1
q2114	1236	1
q2114	1246	1
q2114	1338	1
q2115	1131	1
q2115	1132	1
q2115	1133	1
q2116	1238	1
q2116	1243	1
q2116	1246	1
q2117	1131	1
q2117	1243	1
q2118	1239	1
q2119	1131	1
q2119	1243	1
q2120	1320	1
q2120	1338	1
q2120	1866	1
q2120	1868	1
q2120	1869	1
q2122	1320	1
q2122	1330	1
q2122	330	1
q2122	1454	1
q2123	330	1
q2123	1320	1
q2123	1329	1
q2123	1330	1
q2124	1320	1
q2124	1338	1
q2124	330	1
q2125	1131	1
q2127	1234	1
q2127	1238	1
q2127	1243	1
q2127	1250	1
q2127	1765	1
q2127	1767	1
q2128	1320	1
q2128	1330	1
q2128	330	1
q2128	1234	1
q2128	1243	1
q2128	1246	1
q2129	1131	1
q2129	1365	1
q2130	1131	1
q2130	1234	1
q2130	1238	1
q2130	1239	1
q2130	1243	1
q2130	1244	1
q2131	1131	1
q2131	1243	1
q2132	1365	1
q2133	1234	1
q2133	1238	1
q2133	1243	1
q2133	1244	1
q2133	1131	1
q2134	1339	1
q2134	1243	1
q2135	1365	1
q2135	1874	1
q2135	1874a	1
q2135	1880	1
q2136	1320	1
q2137	1131	1
q2137	1243	1
q2137	1339	1
q2138	330	1
q2139	1320	1
q2139	1321	1
q2139	1322	1
q2139	1323	1
q2140	1131	1
q2141	1339	1
q2141	1243	1
q2142	1404	1
q2142	1320	1
q2143	1131	1
q2143	1243	1
q2143	1339	1
q2144	1239	1
q2145	1320	1
q2145	330	1
q2145	1454	1
q2146	1131	1
q2146	1234	1
q2146	1238	1
q2146	1239	1
q2146	1243	1
q2146	1244	1
q2147	1339	1
q2147	1243	1
q2148	616	1
q2148	620	1
q2148	1458	1
q2149	1320	1
q2149	1338	1
q2149	1356	1
q2150	13	1
q2150	14	1
q2150	16	1
q2150	1888	1
q2151	1365	1
q2152	1320	1
q2152	1238	1
q2152	1239	1
q2153	1243	1
q2153	1131	1
q2154	1131	1
q2155	1131	1
q2155	1243	1
q2155	1246	1
q2156	1267	1
q2156	1320	1
q2157	1239	1
q2158	1233	1
q2158	1234	1
q2158	1238	1
q2158	1243	1
q2158	1320	1
q2158	1338	1
q2158	1365	1
q2158	1754	1
q2160	1131	1
q2160	1865	1
q2161	1320	1
q2161	1330	1
q2161	1454	1
q2162	1238	1
q2164	1234	1
q2164	1765	1
q2164	1767	1
q2164	1338	1
q2165	1339	1
q2165	1243	1
q2166	1320	1
q2166	1365	1
q2166	1370	1
q2167	1338	1
q2167	1365	1
q2168	1131	1
q2168	1246	1
q2168	1266	1
q2169	1131	1
q2170	1917	1
q2171	1131	1
q2171	1246	1
q2172	1365	1
q2173	1320	1
q2173	1339	1
q2173	1365	1
q2173	1458	1
q2174	1234	1
q2174	1238	1
q2174	1243	1
q2174	1765	1
q2174	1767	1
q2175	1236	1
q2175	1246	1
q2176	1234	1
q2176	1765	1
q2176	1767	1
q2176	1250	1
q2176	1338	1
q2177	1320	1
q2177	1250	1
q2177	1454	1
q2178	1239	1
q2179	1320	1
q2179	1335	1
q2179	1338	1
q2179	1917	1
q2179	1925	1
q2180	1131	1
q2180	1243	1
q2180	1339	1
q2181	1131	1
q2181	1243	1
q2181	1339	1
q2182	1131	1
q2182	1243	1
q2182	1339	1
q2183	1243	1
q2184	1239	1
q2185	1365	1
q2186	1313	1
q2186	1320	1
q2186	1338	1
q2186	1569	1
q2186	1571	1
q2187	1338	1
q2187	1340	1
q2188	1320	1
q2188	1338	1
q2188	1234	1
q2189	1365	1
q2190	1131	1
q2190	1339	1
q2191	1339	1
q2191	1131	1
q2191	1243	1
q2192	1131	1
q2192	1243	1
q2193	1338	1
q2193	1238	1
q2194	1765	1
q2194	1767	1
q2194	1234	1
q2194	1243	1
q2194	1250	1
q2194	1131	1
q2194	1338	1
q2195	1365	1
q2196	1320	1
q2196	1234	1
q2196	1250	1
q2196	1338	1
q2197	1365	1
q2198	1320	1
q2198	1234	1
q2198	1250	1
q2198	1765	1
q2198	1767	1
q2199	1131	1
q2199	1243	1
q2199	1339	1
q2200	1243	1
q2201	1338	1
q2202	1365	1
q2203	1365	1
q2204	1320	1
q2204	1765	1
q2204	1767	1
q2205	1320	1
q2206	1243	1
q2207	1365	1
q2208	1320	1
q2208	1765	1
q2208	1767	1
q2208	1234	1
q2208	1243	1
q2208	1131	1
q2209	1365	1
q2209	1369	1
q2209	1457	1
q2209	1865	1
q2209	1963	1
q2209	1967	1
q2210	1365	1
q2211	1338	1
q2211	1365	1
q2212	1131	1
q2214	1365	1
q2215	1320	1
q2215	1333	1
q2215	1338	1
q2215	1234	1
q2215	1238	1
q2215	1239	1
q2215	1250	1
q2215	1267	1
q2216	1338	1
q2216	1925	1
q2217	1682	1
q2218	1365	1
q2219	1868	1
q2221	1365	1
q2229	1365	1
q2230	1688	1
q2230	1868	1
q2230	1870	1
q2232	499	1
q2232	503	1
q2232	504	1
q2232	511	1
q2232	830	1
q2232	833	1
q2232	834	1
q2232	1338	1
q2233	1131	1
q2233	1132	1
q2233	1134	1
q2233	1365	1
q2236	1131	1
q2238	1131	1
q2238	1155	1
q2238	1234	1
q2238	1338	1
q2238	1653	1
q2238	1654	1
q2238	1754	1
q2238	1820	1
q2238	1850	1
q2239	1338	1
q2240	1365	1
q2240	1366	1
q2240	1372	1
q2241	51	1
q2244	1653	1
q2245	1320	1
q2246	1340	1
q2247	1365	1
q2247	1367	1
q2248	1365	1
q2249	1320	1
q2250	1365	1
q2255	1320	1
q2255	1330	1
q2255	1337	1
q2255	1338	1
q2255	1865	1
q2256	1320	1
q2256	1335	1
q2256	1337	1
q2256	1365	1
q2256	1977	1
q2257	1313	1
q2257	1320	1
q2257	1321	1
q2257	1323	1
q2258	1320	1
q2259	1975	1
q2260	1816	1
q2265	1917	1
q2266	584	1
q2268	1338	1
q2269	1320	1
q2271	1131	1
q2271	1132	1
q2271	1311	1
q2274	1131	1
q2274	1132	1
q2274	1341	1
q2275	1365	1
q2278	1338	1
q2278	1765	1
q2278	1766	1
q2278	1767	1
q2278	1768	1
q2280	1365	1
q2281	1365	1
q2283	462	1
q2284	1320	1
q2284	1338	1
q2287	14	1
q2287	15	1
q2290	1365	1
q2293	1365	1
q2293	1367	1
q2294	1365	1
q2296	1365	1
q2296	1313	1
q2297	1365	1
q2298	1365	1
q2299	1365	1
q2300	1365	1
q2301	1365	1
q2302	1320	1
q2302	1338	1
q2302	1874	1
q2303	1320	1
q2305	1320	1
q2305	1338	1
q2305	1233	1
q2306	1365	1
q2307	1131	1
q2307	1365	1
q2307	1925	1
q2307	1926	1
q2308	1365	1
q2310	1365	1
