query_id	doc_id	score
q0	330	1
q1	1740	1
q2	1338	1
q3	570	1
q4	1917	1
q5	1321	1
q5	1323	1
q6	1254	1
q6	1320	1
q6	1365	1
q6	1366	1
q7	1792	1
q7	1888	1
q8	1234	1
q8	1239	1
q8	1243	1
q8	1365	1
q8	1925	1
q9	1320	1
q9	1365	1
q9	1464	1
q10	1888	1
q11	1792	1
q12	1238	1
q12	1338	1
q12	1244	1
q12	1245	1
q12	1250	1
q12	1754	1
q12	1765	1
q12	1766	1
q12	1767	1
q13	1865	1
q14	1365	1
q14	1338	1
q15	531	1
q15	1338	1
q15	1365	1
q15	1866	1
q16	330	1
q16	345	1
q17	1365	1
q17	1946	1
q17	1963	1
q17	1967	1
q18	1888	1
q19	1238	1
q19	1243	1
q19	1250	1
q20	1792	1
q21	1792	1
q21	1888	1
q22	1365	1
q23	280	1
q24	1963	1
q24	1964	1
q25	833	1
q25	1313	1
q25	1320	1
q25	1338	1
q25	1365	1
q26	1338	1
q26	1365	1
q27	1792	1
q27	1888	1
q28	436	1
q28	1365	1
q29	330	1
q30	1870	1
q31	1365	1
q32	830	1
q32	832	1
q32	834	1
q32	852	1
q32	1868	1
q32	1871	1
q32	1874	1
q32	1878	1
q32	1888	1
q33	345	1
q34	1685	1
q34	1868	1
q34	1888	1
q35	1888	1
q35	1868	1
q36	1888	1
q36	1868	1
q37	1792	1
q38	1313	1
q38	1320	1
q38	1865	1
q38	1888	1
q39	1685	1
q39	1868	1
q39	1888	1
q40	1313	1
q40	1320	1
q40	1338	1
q40	1865	1
q40	1870	1
q40	1888	1
q41	1365	1
q42	1908	1
q43	11	1
q44	1908	1
q45	1365	1
q45	1320	1
q45	1338	1
q45	1347	1
q45	1548	1
q45	1317	1
q45	1339	1
q45	1340	1
q45	1365	1
q46	1685	1
q46	1868	1
q46	1888	1
q47	1653	1
q48	834	1
q48	1968	1
q48	1365	1
q48	1917	1
q48	1792	1
q48	1795	1
q49	1320	1
q49	1365	1
q49	1868	1
q49	1871	1
q49	1874	1
q49	1878	1
q49	1888	1
q50	1320	1
q50	1335	1
q50	1337	1
q50	1338	1
q51	1866	1
q51	1888	1
q52	1908	1
q53	1908	1
q54	1685	1
q54	1868	1
q54	1888	1
q55	1131	1
q55	1132	1
q55	1133	1
q55	1134	1
q55	1137	1
q55	1149	1
q56	1908	1
q57	1365	1
q58	1234	1
q59	1320	1
q60	1365	1
q60	1367	1
q60	1795	1
q60	1917	1
q61	1888	1
q61	1685	1
q61	1868	1
q62	102	1
q62	103	1
q63	463	1
q64	1908	1
q65	1908	1
q66	1233	1
q66	1338	1
q66	1340	1
q66	1381	1
q67	570	1
q68	1338	1
q68	1243	1
q68	1917	1
q68	181	1
q68	574	1
q68	1238	1
q68	1320	1
q69	1320	1
q69	1338	1
q70	1685	1
q70	1888	1
q71	271	1
q71	272	1
q71	280	1
q71	247	1
q71	80	1
q72	1233	1
q73	1685	1
q73	1868	1
q73	1888	1
q74	1234	1
q74	1243	1
q74	1338	1
q74	1352	1
q74	1865	1
q74	1866	1
q75	1320	1
q76	1888	1
q76	1868	1
q77	433	1
q77	434	1
q77	436	1
q78	433	1
q78	436	1
q79	1131	1
q80	299	1
q80	330	1
q80	345	1
q80	353	1
q81	1685	1
q81	1868	1
q82	434	1
q83	1870	1
q84	1685	1
q85	1685	1
q85	1868	1
q85	1888	1
q86	1908	1
q87	1338	1
q87	1339	1
q87	1365	1
q87	1366	1
q87	1367	1
q87	1559	1
q87	1560	1
q87	1564	1
q87	1865	1
q88	330	1
q88	345	1
q89	1320	1
q89	1338	1
q90	433	1
q90	434	1
q90	436	1
q91	1908	1
q92	330	1
q92	345	1
q93	1908	1
q94	1320	1
q94	1348	1
q95	1685	1
q95	1868	1
q95	1888	1
q96	1320	1
q96	1330	1
q96	1338	1
q97	1685	1
q97	1868	1
q97	1888	1
q98	1917	1
q99	1365	1
q99	1868	1
q99	1871	1
q99	1874	1
q99	1878	1
q99	1888	1
q100	1320	1
q100	1321	1
q100	1338	1
q100	1313	1
q101	1685	1
q101	1888	1
q102	1320	1
q102	1337	1
q102	1338	1
q103	1685	1
q103	1868	1
q103	1888	1
q104	433	1
q104	434	1
q104	436	1
q104	451	1
q105	1655	1
q106	1365	1
q106	1868	1
q106	1871	1
q106	1874	1
q106	1878	1
q106	1888	1
q107	1685	1
q107	1888	1
q108	1685	1
q108	1868	1
q108	1888	1
q109	1868	1
q110	1320	1
q111	1868	1
q111	1871	1
q111	1874	1
q111	1878	1
q111	1888	1
q112	1685	1
q112	1868	1
q112	1888	1
q113	1234	1
q113	1235	1
q113	1238	1
q113	1243	1
q113	1246	1
q113	1320	1
q113	1338	1
q113	1339	1
q113	1340	1
q113	1399	1
q114	1661	1
q115	1320	1
q115	1330	1
q115	1337	1
q115	1338	1
q115	1868	1
q115	1871	1
q115	1874	1
q115	1878	1
q115	1888	1
q116	570	1
q117	1320	1
q117	1335	1
q117	1338	1
q117	1365	1
q117	1367	1
q118	1866	1
q119	1925	1
q119	1926	1
q120	330	1
q120	345	1
q121	1178	1
q121	1211	1
q121	1237	1
q121	1243	1
q121	1244	1
q121	1245	1
q121	1444	1
q121	1923	1
q121	1365	1
q122	1365	1
q123	1365	1
q123	1868	1
q123	1871	1
q123	1874	1
q123	1878	1
q123	1888	1
q124	1925	1
q124	1926	1
q125	1975	1
q126	1365	1
q126	1379	1
q127	1365	1
q128	1365	1
q129	1320	1
q129	1338	1
q129	1340	1
q129	1365	1
q129	1366	1
q129	1866	1
q130	1365	1
q131	1917	1
q132	1133	1
q132	1199	1
q132	1236	1
q132	1239	1
q132	1243	1
q132	1246	1
q132	1365	1
q132	1767	1
q132	1865	1
q133	1365	1
q133	1868	1
q133	1871	1
q133	1874	1
q133	1878	1
q133	1888	1
q134	433	1
q134	434	1
q134	436	1
q135	1320	1
q136	1365	1
q136	1366	1
q137	1365	1
q138	1917	1
q139	1888	1
q140	1100	1
q140	1131	1
q141	1320	1
q141	1865	1
q141	1888	1
q141	1925	1
q142	1320	1
q142	1338	1
q142	1267	1
q142	1246	1
q142	1266	1
q142	1238	1
q143	1365	1
q143	1366	1
q143	1367	1
q144	841	1
q144	842	1
q145	875	1
q145	1365	1
q146	1365	1
q146	1366	1
q147	1365	1
q147	1372	1
q147	1377	1
q148	1338	1
q148	1246	1
q148	1266	1
q149	1320	1
q149	1338	1
q149	1365	1
q149	1366	1
q149	1866	1
q149	1925	1
q150	1457	1
q150	1459	1
q150	1519	1
q151	1338	1
q151	1365	1
q151	1458	1
q152	1365	1
q152	1865	1
q153	1320	1
q153	1340	1
q153	1365	1
q153	1388	1
q153	1430	1
q154	1335	1
q154	1337	1
q154	1365	1
q154	531	1
q154	551	1
q155	832	1
q155	1365	1
q155	1967	1
q155	1955	1
q155	1917	1
q156	1320	1
q156	1963	1
q156	1967	1
q157	1338	1
q157	1243	1
q157	1365	1
q157	1366	1
q157	1367	1
q157	1917	1
q158	1365	1
q159	1365	1
q159	1366	1
q159	1868	1
q159	1870	1
q159	1917	1
q159	1925	1
q160	1381	1
q161	1870	1
q161	1888	1
q162	1909	1
q162	1911	1
q163	1234	1
q163	1236	1
q163	1237	1
q163	1238	1
q163	1239	1
q163	1243	1
q163	1266	1
q163	1267	1
q163	1320	1
q163	1338	1
q164	1233	1
q164	1313	1
q164	1365	1
q165	1365	1
q165	1868	1
q165	1870	1
q166	1365	1
q167	1243	1
q168	1365	1
q168	1857	1
q168	1865	1
q168	1869	1
q168	1870	1
q169	529	1
q169	1320	1
q169	1365	1
q169	1870	1
q169	1869	1
q169	1868	1
q169	1874	1
q170	1320	1
q170	1792	1
q170	393	1
q170	128	1
q171	119	1
q171	120	1
q171	121	1
q171	126	1
q171	130	1
q172	1365	1
q172	1917	1
q173	1313	1
q173	1320	1
q174	1320	1
q175	1320	1
q175	1338	1
q175	1239	1
q176	1365	1
q176	1917	1
q177	1365	1
q178	1365	1
q179	1335	1
q179	1337	1
q179	1365	1
q179	1865	1
q180	1365	1
q181	1320	1
q181	1365	1
q181	1865	1
q182	1365	1
q182	1868	1
q182	1870	1
q183	1317	1
q183	1320	1
q183	1365	1
q184	1365	1
q185	1457	1
q186	1365	1
q186	1317	1
q186	1320	1
q186	1338	1
q186	1917	1
q187	1155	1
q187	1238	1
q188	1320	1
q188	1338	1
q188	1870	1
q189	1338	1
q189	1340	1
q189	1342	1
q189	1349	1
q189	1365	1
q190	1365	1
q190	1792	1
q191	1320	1
q191	1338	1
q191	1346	1
q192	1365	1
q192	1865	1
q192	1870	1
q192	1967	1
q193	1685	1
q193	1870	1
q194	1685	1
q195	1905	1
q195	1909	1
q195	1911	1
q196	1365	1
q196	1371	1
q196	1372	1
q196	1246	1
q196	1335	1
q196	1337	1
q196	531	1
q197	1685	1
q198	1685	1
q199	1685	1
q200	1457	1
q200	1458	1
q200	613	1
q200	1365	1
q201	1685	1
q202	1685	1
q203	1685	1
q204	1870	1
q205	1685	1
q206	1908	1
q207	1908	1
q208	1908	1
q209	1908	1
q210	1908	1
q211	1908	1
q212	128	1
q212	1888	1
q213	1908	1
q214	1908	1
q215	1908	1
q216	163	1
q216	1905	1
q216	1909	1
q216	1922	1
q217	208	1
q217	1865	1
q218	1908	1
q219	1908	1
q220	1908	1
q221	1888	1
q222	1868	1
q222	1870	1
q223	208	1
q223	1814	1
q223	1905	1
q223	1907	1
q224	1908	1
q225	1908	1
q226	1908	1
q227	1908	1
q228	1908	1
q229	1908	1
q230	1922	1
q231	1874	1
q231	1908	1
q232	170	1
q232	171	1
q232	172	1
q233	1908	1
q234	1908	1
q235	1908	1
q236	1908	1
q237	1908	1
q238	1868	1
q238	1870	1
q238	1908	1
q239	1685	1
q239	1868	1
q239	1888	1
q240	1865	1
q240	1868	1
q241	1888	1
q242	1320	1
q242	1338	1
q242	1876	1
q242	1908	1
q243	1338	1
q244	1335	1
q244	1336	1
q244	1337	1
q244	1859	1
q244	1860	1
q244	1861	1
q244	1888	1
q245	1888	1
q245	1868	1
q246	1908	1
q247	1685	1
q247	1868	1
q247	1888	1
q248	1888	1
q248	1868	1
q249	1685	1
q249	1868	1
q249	1888	1
q250	1685	1
q250	1868	1
q250	1888	1
q251	1685	1
q251	1868	1
q251	1888	1
q252	1868	1
q253	1888	1
q253	1868	1
q254	1685	1
q254	1868	1
q254	1888	1
q255	1335	1
q255	1337	1
q255	1888	1
q256	1685	1
q257	1685	1
q257	1868	1
q257	1888	1
q258	1685	1
q258	1868	1
q258	1888	1
q259	1685	1
q259	1868	1
q259	1888	1
q260	1685	1
q260	1868	1
q261	1908	1
q262	1685	1
q262	1868	1
q262	1888	1
q263	1908	1
q264	1908	1
q265	1685	1
q265	1868	1
q265	1888	1
q266	1685	1
q266	1888	1
q267	1908	1
q268	1908	1
q269	1868	1
q269	1888	1
q270	1685	1
q270	1905	1
q271	1908	1
q272	1908	1
q273	1908	1
q274	1908	1
q275	1908	1
q276	1908	1
q277	1868	1
q277	1870	1
q277	1908	1
q278	1908	1
q279	1908	1
q280	1908	1
q281	1908	1
q282	119	1
q282	1925	1
q283	1908	1
q284	1868	1
q284	1870	1
q285	1908	1
q286	1908	1
q287	1908	1
q288	1236	1
q288	1365	1
q289	105	1
q289	108	1
q289	109	1
q289	1813	1
q290	832	1
q290	1066	1
q290	1320	1
q290	1456	1
q290	852	1
q291	1365	1
q292	1313	1
q292	1320	1
q292	1330	1
q292	1365	1
q293	1908	1
q294	1338	1
q295	1685	1
q295	1868	1
q295	1888	1
q296	1685	1
q296	1868	1
q296	1888	1
q297	1685	1
q297	1868	1
q297	1888	1
q298	1908	1
q299	1685	1
q299	1868	1
q299	1888	1
q300	1888	1
q301	1685	1
q301	1868	1
q301	1888	1
q302	1685	1
q302	1868	1
q302	1888	1
q303	1685	1
q303	1868	1
q303	1888	1
q304	1337	1
q304	1860	1
q304	1861	1
q304	1888	1
q305	1685	1
q305	1870	1
q306	1870	1
q306	1888	1
q306	1911	1
q307	1888	1
q308	119	1
q308	139	1
q308	149	1
q308	157	1
q308	167	1
q308	186	1
q308	196	1
q308	197	1
q308	198	1
q308	1320	1
q309	1365	1
q310	1320	1
q311	1685	1
q312	1870	1
q312	1908	1
q313	1244	1
q313	1245	1
q313	1247	1
q313	1328	1
q313	1338	1
q313	1365	1
q314	1911	1
q315	1870	1
q315	1888	1
q316	1865	1
q317	1865	1
q318	1685	1
q319	1685	1
q320	1685	1
q321	1685	1
q321	1870	1
q322	1685	1
q322	1870	1
q323	1870	1
q324	1870	1
q325	1870	1
q326	1685	1
q326	1870	1
q327	1685	1
q327	1870	1
q328	1685	1
q328	1870	1
q329	1685	1
q329	1870	1
q330	1685	1
q330	1870	1
q331	1685	1
q331	1870	1
q332	1685	1
q332	1870	1
q333	1685	1
q333	1870	1
q334	1792	1
q334	1888	1
q335	1792	1
q335	1795	1
q335	1888	1
q336	1792	1
q336	1888	1
q337	1870	1
q337	1905	1
q338	1792	1
q338	1888	1
q339	1792	1
q339	1888	1
q340	1870	1
q341	1870	1
q342	1870	1
q343	1685	1
q344	165	1
q344	1870	1
q345	1870	1
q346	1685	1
q346	1870	1
q347	1685	1
q348	1685	1
q348	1870	1
q349	1685	1
q349	1908	1
q350	1868	1
q350	1908	1
q350	1911	1
q351	1685	1
q352	1685	1
q352	1870	1
q353	1980	1
q354	1685	1
q354	1870	1
q355	1338	1
q355	1911	1
q356	1792	1
q357	100	1
q357	1888	1
q358	100	1
q358	1888	1
q359	1888	1
q360	1338	1
q360	116	1
q361	1685	1
q361	1870	1
q361	1888	1
q362	100	1
q362	1888	1
q363	1906	1
q363	1907	1
q363	1909	1
q363	1910	1
q363	1911	1
q363	1912	1
q364	1685	1
q364	1888	1
q365	1865	1
q365	1870	1
q365	1905	1
q365	1906	1
q365	1911	1
q366	1865	1
q366	1868	1
q366	1870	1
q366	1881	1
q366	1888	1
q367	1320	1
q367	1338	1
q367	149	1
q367	1865	1
q367	1870	1
q368	1888	1
q369	1865	1
q369	1870	1
q370	1792	1
q371	1238	1
q372	1685	1
q373	1865	1
q374	1865	1
q374	1870	1
q375	1685	1
q376	1870	1
q376	1906	1
q376	1907	1
q376	1908	1
q376	1915	1
q377	1865	1
q377	1870	1
q377	1888	1
q377	1911	1
q377	1922	1
q378	1865	1
q378	1870	1
q379	1888	1
q380	1865	1
q380	1888	1
q381	1865	1
q382	1338	1
q382	1365	1
q382	1865	1
q383	1320	1
q383	1340	1
q383	1243	1
q383	1267	1
q383	1365	1
q384	1865	1
q384	1870	1
q384	1874	1
q384	1888	1
q385	1792	1
q385	1365	1
q385	1865	1
q386	330	1
q386	1865	1
q386	1869	1
q387	1866	1
q388	1238	1
q388	1243	1
q388	1266	1
q388	1267	1
q388	1320	1
q388	1338	1
q388	1754	1
q389	1239	1
q389	1243	1
q389	1320	1
q389	1338	1
q390	1365	1
q390	1367	1
q390	1813	1
q391	1917	1
q392	1365	1
q393	1320	1
q393	1337	1
q393	1338	1
q393	1365	1
q393	1888	1
q394	1365	1
q394	1338	1
q394	1238	1
q395	1457	1
q396	1236	1
q396	1243	1
q397	613	1
q398	1365	1
q399	1162	1
q400	433	1
q400	434	1
q400	436	1
q400	440	1
q401	1795	1
q401	1338	1
q401	1238	1
q402	1238	1
q402	1243	1
q403	1365	1
q404	1238	1
q404	1313	1
q404	1320	1
q404	1338	1
q405	309	1
q405	330	1
q405	345	1
q405	359	1
q405	383	1
q406	1365	1
q406	1320	1
q406	1458	1
q406	1917	1
q407	1365	1
q408	1365	1
q409	1236	1
q409	1243	1
q409	1244	1
q409	1246	1
q409	1320	1
q409	1338	1
q409	1813	1
q410	330	1
q410	345	1
q410	383	1
q411	1365	1
q411	1381	1
q412	309	1
q412	330	1
q412	345	1
q412	383	1
q412	393	1
q413	330	1
q414	1238	1
q414	1365	1
q414	1366	1
q415	1365	1
q415	1917	1
q416	1234	1
q416	1238	1
q416	1243	1
q416	1244	1
q416	1246	1
q416	1247	1
q416	1338	1
q417	1238	1
q417	1243	1
q417	1338	1
q417	1365	1
q417	1366	1
q417	1367	1
q418	309	1
q418	330	1
q418	345	1
q418	354	1
q418	359	1
q418	393	1
q419	1792	1
q419	1793	1
q419	1795	1
q419	1803	1
q419	1812	1
q420	272	1
q420	274	1
q420	284	1
q421	830	1
q421	833	1
q421	1365	1
q421	1865	1
q421	1888	1
q422	1795	1
q423	1865	1
q424	1320	1
q424	1338	1
q424	1838	1
q425	1320	1
q425	1338	1
q425	1365	1
q426	1339	1
q426	1238	1
q426	1243	1
q426	1245	1
q426	1320	1
q426	1338	1
q427	1267	1
q428	1236	1
q428	1238	1
q428	1243	1
q428	1246	1
q428	1247	1
q428	1517	1
q428	1813	1
q429	1868	1
q429	1870	1
q430	19	1
q431	152	1
q432	1313	1
q432	1320	1
q433	1313	1
q433	1238	1
q433	1338	1
q433	1243	1
q433	1250	1
q434	1338	1
q434	1548	1
q434	1554	1
q434	1559	1
q434	1560	1
q434	1563	1
q434	1570	1
q434	1576	1
q434	1868	1
q435	613	1
q435	1320	1
q435	1865	1
q435	1131	1
q436	1865	1
q437	1838	1
q438	1	1
q438	2	1
q439	1865	1
q440	1243	1
q440	1244	1
q440	1245	1
q440	1253	1
q440	1254	1
q440	1255	1
q441	1320	1
q441	1238	1
q441	1239	1
q441	1247	1
q441	1245	1
q441	1338	1
q442	1338	1
q442	1131	1
q443	1328	1
q443	1242	1
q443	1243	1
q443	1246	1
q443	1335	1
q443	1338	1
q443	1266	1
q443	1267	1
q443	1925	1
q443	1926	1
q444	1888	1
q445	1320	1
q446	1365	1
q446	1366	1
q446	1367	1
q446	1371	1
q447	19	1
q448	1329	1
q449	1320	1
q449	1365	1
q450	1365	1
q451	1320	1
q451	1338	1
q451	1238	1
q451	1239	1
q452	1320	1
q452	1338	1
q453	1365	1
q453	1366	1
q453	1367	1
q454	1320	1
q454	1792	1
q454	1795	1
q455	1365	1
q455	1243	1
q455	192	1
q455	195	1
q456	1320	1
q456	1322	1
q456	1329	1
q456	1330	1
q456	1337	1
q456	1338	1
q456	1339	1
q456	1233	1
q456	1234	1
q456	1238	1
q457	1365	1
q458	1238	1
q458	1243	1
q459	1320	1
q459	1365	1
q459	1886	1
q460	1320	1
q460	1338	1
q460	1865	1
q461	613	1
q461	1238	1
q461	1243	1
q461	1338	1
q461	1365	1
q461	1838	1
q461	1917	1
q461	1925	1
q462	1365	1
q463	1320	1
q463	1321	1
q463	1338	1
q464	1917	1
q465	1865	1
q466	1868	1
q466	1870	1
q467	1365	1
q467	1243	1
q468	330	1
q468	345	1
q469	1865	1
q469	1906	1
q470	1238	1
q470	1239	1
q470	1313	1
q470	1315	1
q470	1317	1
q470	1320	1
q470	1338	1
q470	1340	1
q470	1865	1
q471	1243	1
q471	1247	1
q471	1365	1
q472	1865	1
q473	196	1
q473	1865	1
q474	1320	1
q474	1865	1
q475	1365	1
q476	1238	1
q476	1242	1
q476	1243	1
q476	1246	1
q476	1320	1
q476	1338	1
q476	1865	1
q477	1320	1
q477	1321	1
q477	1338	1
q477	1572	1
q477	1548	1
q477	1458	1
q477	1870	1
q478	1888	1
q479	1865	1
q480	1365	1
q480	1337	1
q480	1243	1
q480	1338	1
q480	1366	1
q480	1865	1
q480	1870	1
q481	1320	1
q481	531	1
q481	1917	1
q482	1320	1
q482	1321	1
q482	1338	1
q482	1340	1
q482	1267	1
q482	1365	1
q482	1457	1
q482	1865	1
q483	1365	1
q483	1366	1
q483	1367	1
q484	1865	1
q485	830	1
q485	832	1
q486	1320	1
q486	1365	1
q486	1366	1
q486	1866	1
q486	1923	1
q486	1925	1
q487	1320	1
q487	140	1
q487	1337	1
q487	1338	1
q487	1449	1
q487	1865	1
q488	1320	1
q488	1338	1
q488	1340	1
q488	1238	1
q488	1243	1
q488	1917	1
q489	1238	1
q489	1338	1
q489	1925	1
q490	1365	1
q490	1366	1
q491	1320	1
q491	1338	1
q491	1340	1
q491	1365	1
q491	1917	1
q492	1238	1
q492	1243	1
q492	1320	1
q492	1338	1
q492	1365	1
q493	1238	1
q493	1239	1
q493	1320	1
q493	1338	1
q494	2	1
q494	832	1
q494	852	1
q494	1320	1
q494	1338	1
q495	1246	1
q495	1320	1
q495	1338	1
q496	1365	1
q496	1471	1
q496	1491	1
q496	1508	1
q496	1796	1
q496	1868	1
q496	1869	1
q496	1917	1
q497	1917	1
q498	1365	1
q499	1365	1
q500	1365	1
q500	1865	1
q501	1239	1
q501	1365	1
q501	1370	1
q501	1917	1
q502	1238	1
q502	1338	1
q502	1341	1
q502	1365	1
q502	1868	1
q502	1870	1
q503	1238	1
q503	1266	1
q503	1267	1
q503	1338	1
q504	1320	1
q504	1337	1
q504	1338	1
q504	1365	1
q504	1244	1
q504	1245	1
q504	1917	1
q505	1338	1
q505	1548	1
q505	1576	1
q505	1851	1
q505	1858	1
q505	1917	1
q506	1365	1
q507	1320	1
q507	1338	1
q507	1238	1
q507	1239	1
q508	1338	1
q508	1340	1
q508	1266	1
q508	1326	1
q508	1320	1
q508	1328	1
q509	1917	1
q509	1927	1
q510	1320	1
q510	1338	1
q510	1340	1
q510	1365	1
q511	544	1
q511	1559	1
q511	1365	1
q511	1366	1
q511	1830	1
q512	1365	1
q512	1917	1
q513	1865	1
q514	1313	1
q514	1320	1
q514	1754	1
q515	1243	1
q515	1365	1
q516	378	1
q516	379	1
q516	380	1
q516	381	1
q516	1917	1
q517	1365	1
q517	1838	1
q518	1320	1
q518	1338	1
q518	1340	1
q518	1238	1
q518	1243	1
q518	1365	1
q519	1320	1
q519	1234	1
q519	1267	1
q520	1865	1
q520	1906	1
q521	1917	1
q522	1858	1
q523	1239	1
q523	1243	1
q524	1576	1
q524	1575	1
q524	1579	1
q524	1320	1
q524	1365	1
q524	1131	1
q524	1865	1
q524	1868	1
q524	1869	1
q524	1870	1
q525	1313	1
q525	1320	1
q525	1338	1
q525	1243	1
q525	1131	1
q526	1338	1
q527	1365	1
q527	1356	1
q527	1865	1
q528	1365	1
q529	1365	1
q530	19	1
q531	1320	1
q531	1338	1
q531	1365	1
q531	1238	1
q531	1340	1
q532	17	1
q532	1321	1
q532	1365	1
q533	1365	1
q534	1365	1
q535	1365	1
q535	1238	1
q535	1339	1
q535	1320	1
q535	180	1
q536	1244	1
q536	1245	1
q536	1365	1
q536	1460	1
q537	1238	1
q537	1338	1
q537	1365	1
q537	1868	1
q537	1870	1
q537	1917	1
q538	1365	1
q539	1365	1
q540	1365	1
q541	1320	1
q541	1338	1
q541	1340	1
q541	1365	1
q541	1917	1
q542	100	1
q542	832	1
q542	833	1
q542	1313	1
q542	1320	1
q542	1321	1
q543	1244	1
q543	1267	1
q543	1335	1
q543	1341	1
q543	1365	1
q543	1519	1
q544	433	1
q544	434	1
q544	436	1
q544	439	1
q544	449	1
q544	330	1
q545	330	1
q546	1320	1
q546	1365	1
q546	1457	1
q546	1471	1
q546	1491	1
q546	1496	1
q547	309	1
q547	330	1
q547	340	1
q547	345	1
q547	359	1
q547	383	1
q547	393	1
q548	1233	1
q548	1365	1
q548	1367	1
q548	1380	1
q548	1921	1
q548	1925	1
q549	1320	1
q549	1338	1
q549	1238	1
q549	1246	1
q549	1266	1
q549	1267	1
q549	1239	1
q550	1320	1
q550	1365	1
q550	1796	1
q550	1858	1
q550	1859	1
q550	1865	1
q551	1365	1
q551	1865	1
q552	1320	1
q552	1236	1
q552	1243	1
q552	1266	1
q552	1267	1
q553	1236	1
q553	1238	1
q553	1239	1
q553	1243	1
q553	1329	1
q554	1865	1
q555	1238	1
q555	1243	1
q555	1338	1
q555	1365	1
q555	1917	1
q556	1315	1
q556	1338	1
q556	1243	1
q556	1340	1
q556	571	1
q557	1238	1
q557	1243	1
q557	1338	1
q558	330	1
q559	1233	1
q559	1243	1
q559	1267	1
q559	1247	1
q559	1313	1
q560	1868	1
q560	1870	1
q561	330	1
q561	345	1
q561	383	1
q562	345	1
q562	330	1
q563	330	1
q563	345	1
q563	359	1
q564	1131	1
q564	1243	1
q564	1246	1
q564	1338	1
q564	1365	1
q564	1838	1
q565	309	1
q565	330	1
q565	345	1
q565	354	1
q565	359	1
q565	383	1
q565	393	1
q566	19	1
q567	1320	1
q567	1338	1
q567	1365	1
q567	1370	1
q567	1371	1
q567	1372	1
q568	1365	1
q568	1320	1
q569	309	1
q569	330	1
q569	345	1
q569	393	1
q570	1320	1
q570	1321	1
q570	1338	1
q570	1238	1
q570	1239	1
q570	1243	1
q571	309	1
q571	330	1
q571	345	1
q571	354	1
q571	359	1
q571	383	1
q571	393	1
q572	330	1
q572	345	1
q572	354	1
q572	359	1
q572	383	1
q573	1131	1
q573	1238	1
q573	1239	1
q573	1243	1
q573	1865	1
q574	1313	1
q574	1320	1
q574	1338	1
q574	1238	1
q574	1239	1
q574	1243	1
q574	1247	1
q574	1365	1
q575	1338	1
q575	1865	1
q575	192	1
q575	206	1
q575	1238	1
q575	1868	1
q575	1926	1
q576	1365	1
q576	1320	1
q577	1238	1
q577	1243	1
q578	1320	1
q578	1365	1
q579	1320	1
q579	1338	1
q579	1865	1
q579	1868	1
q579	1870	1
q579	1239	1
q579	1267	1
q580	1917	1
q581	1320	1
q581	1338	1
q581	1865	1
q582	1863	1
q582	1870	1
q583	1233	1
q583	1243	1
q583	1320	1
q583	1329	1
q583	1338	1
q583	1478	1
q584	1	1
q584	100	1
q584	101	1
q585	345	1
q586	330	1
q586	345	1
q586	383	1
q587	1233	1
q587	1320	1
q587	1338	1
q587	1339	1
q587	1365	1
q588	1320	1
q588	1338	1
q588	1321	1
q589	1320	1
q589	1338	1
q590	1100	1
q590	1365	1
q591	852	1
q592	1320	1
q592	1338	1
q592	1365	1
q592	1868	1
q592	1917	1
q593	272	1
q593	273	1
q593	274	1
q593	281	1
q593	284	1
q594	1340	1
q594	1365	1
q594	1320	1
q594	1234	1
q595	163	1
q595	164	1
q595	1866	1
q596	613	1
q596	1238	1
q596	1320	1
q596	1338	1
q596	1365	1
q597	1320	1
q597	1338	1
q597	1792	1
q597	1795	1
q597	1796	1
q598	1865	1
q598	1906	1
q599	272	1
q599	274	1
q599	280	1
q600	1906	1
q601	1320	1
q601	1321	1
q601	1328	1
q601	1338	1
q601	1449	1
q601	1792	1
q602	1865	1
q603	1365	1
q604	1320	1
q604	1338	1
q604	1340	1
q604	1365	1
q605	1238	1
q605	1338	1
q605	1341	1
q605	1365	1
q605	1868	1
q605	1870	1
q606	280	1
q606	281	1
q607	1365	1
q608	1233	1
q608	1238	1
q608	1246	1
q608	1249	1
q608	1320	1
q608	1338	1
q608	1340	1
q608	1865	1
q609	309	1
q609	330	1
q609	345	1
q609	359	1
q609	383	1
q609	47	1
q610	1365	1
q611	1906	1
q612	1576	1
q612	1365	1
q612	1340	1
q612	1320	1
q612	1338	1
q612	1550	1
q613	1946	1
q613	1963	1
q613	1365	1
q613	1366	1
q614	1238	1
q614	1365	1
q614	1925	1
q615	1868	1
q615	1870	1
q616	330	1
q616	1320	1
q616	1329	1
q616	1330	1
q617	1320	1
q617	1338	1
q617	1365	1
q617	1366	1
q617	1559	1
q618	1792	1
q618	1100	1
q618	1340	1
q618	1266	1
q618	1239	1
q619	1238	1
q619	1320	1
q619	1338	1
q619	1340	1
q620	1313	1
q620	1238	1
q620	1239	1
q620	1243	1
q621	1365	1
q621	875	1
q622	1796	1
q623	330	1
q624	1320	1
q624	1365	1
q624	1243	1
q624	1457	1
q624	584	1
q625	330	1
q626	1234	1
q626	1238	1
q626	1239	1
q626	1243	1
q626	1313	1
q626	1320	1
q626	1813	1
q627	433	1
q627	434	1
q627	436	1
q627	439	1
q627	440	1
q627	462	1
q628	1238	1
q628	1239	1
q628	1243	1
q628	1320	1
q628	1330	1
q628	1338	1
q629	330	1
q629	345	1
q630	330	1
q630	345	1
q630	383	1
q631	1320	1
q631	1338	1
q631	1365	1
q632	309	1
q632	330	1
q632	345	1
q632	354	1
q632	359	1
q633	1365	1
q633	1865	1
q634	330	1
q634	354	1
q634	359	1
q635	1313	1
q635	1320	1
q635	1338	1
q635	1865	1
q635	1131	1
q635	149	1
q635	1238	1
q635	1243	1
q636	1	1
q636	1365	1
q637	309	1
q637	330	1
q637	345	1
q637	359	1
q637	383	1
q637	393	1
q638	330	1
q638	433	1
q638	434	1
q638	436	1
q638	439	1
q638	452	1
q639	1320	1
q639	1338	1
q639	1234	1
q639	195	1
q640	345	1
q641	330	1
q641	383	1
q642	1865	1
q643	433	1
q643	434	1
q643	439	1
q644	1338	1
q645	309	1
q645	330	1
q645	345	1
q645	359	1
q645	383	1
q645	393	1
q646	330	1
q646	345	1
q646	359	1
q646	383	1
q647	433	1
q647	434	1
q647	436	1
q647	440	1
q648	280	1
q649	433	1
q649	434	1
q649	436	1
q650	1238	1
q650	1243	1
q650	1340	1
q651	272	1
q651	273	1
q651	274	1
q651	284	1
q652	330	1
q652	433	1
q652	434	1
q652	436	1
q652	439	1
q652	452	1
q652	453	1
q653	1865	1
q654	330	1
q654	345	1
q654	354	1
q654	359	1
q655	1320	1
q655	1338	1
q655	1313	1
q655	1238	1
q655	1243	1
q656	1238	1
q656	1365	1
q657	1888	1
q658	1313	1
q658	1238	1
q658	1243	1
q658	1320	1
q658	1321	1
q658	1330	1
q658	1335	1
q658	1337	1
q658	1338	1
q659	852	1
q660	1365	1
q660	1366	1
q661	1365	1
q661	1131	1
q662	345	1
q662	359	1
q662	433	1
q662	434	1
q662	436	1
q662	462	1
q663	280	1
q663	284	1
q664	272	1
q664	277	1
q665	1320	1
q665	1342	1
q665	1338	1
q666	330	1
q666	345	1
q666	383	1
q667	330	1
q668	430	1
q669	330	1
q670	1320	1
q670	1365	1
q671	1313	1
q671	1320	1
q671	1329	1
q671	1330	1
q671	1337	1
q671	1338	1
q671	1365	1
q672	1365	1
q672	1868	1
q673	330	1
q674	119	1
q674	120	1
q674	126	1
q675	1365	1
q675	1366	1
q675	1367	1
q675	1370	1
q675	1371	1
q675	1372	1
q675	1373	1
q675	1374	1
q675	1376	1
q676	330	1
q677	272	1
q677	274	1
q678	1234	1
q678	1320	1
q678	1321	1
q678	1330	1
q678	1337	1
q678	1338	1
q678	1365	1
q678	1238	1
q679	1868	1
q680	1868	1
q681	1320	1
q682	1238	1
q682	1243	1
q682	1320	1
q682	1575	1
q682	1576	1
q682	1579	1
q683	832	1
q683	850	1
q683	852	1
q683	852a	1
q683	853	1
q683	854	1
q683	858	1
q684	1365	1
q685	330	1
q685	345	1
q686	1365	1
q686	1946	1
q687	1320	1
q687	1338	1
q687	1238	1
q688	309	1
q688	330	1
q688	345	1
q688	359	1
q688	383	1
q688	393	1
q689	1320	1
q689	1338	1
q689	1340	1
q689	1238	1
q690	1865	1
q690	1906	1
q691	1238	1
q691	1320	1
q691	1338	1
q691	1340	1
q691	1365	1
q692	309	1
q692	330	1
q692	345	1
q692	354	1
q692	359	1
q692	383	1
q692	393	1
q693	330	1
q694	330	1
q695	330	1
q695	345	1
q696	1365	1
q697	1865	1
q697	1918	1
q697	1925	1
q698	330	1
q698	345	1
q698	383	1
q699	330	1
q700	330	1
q700	345	1
q700	383	1
q701	1365	1
q702	1365	1
q702	1320	1
q702	1321	1
q702	1243	1
q702	1266	1
q702	1338	1
q702	1457	1
q702	1470	1
q703	272	1
q703	274	1
q704	1338	1
q705	1320	1
q705	1338	1
q705	1340	1
q705	1365	1
q705	1457	1
q705	1917	1
q706	272	1
q706	274	1
q706	284	1
q707	330	1
q707	345	1
q707	393	1
q708	309	1
q708	330	1
q708	345	1
q708	359	1
q708	383	1
q708	393	1
q709	1365	1
q710	1906	1
q711	1320	1
q711	1330	1
q711	1335	1
q711	1337	1
q711	1338	1
q711	1340	1
q711	1238	1
q711	1243	1
q711	1321	1
q712	1365	1
q713	272	1
q713	274	1
q713	280	1
q714	1865	1
q715	345	1
q715	383	1
q716	330	1
q716	354	1
q716	359	1
q717	1865	1
q718	330	1
q718	345	1
q719	330	1
q719	345	1
q719	383	1
q720	1365	1
q720	1366	1
q720	1367	1
q721	1131	1
q721	1238	1
q721	1243	1
q721	1365	1
q721	1865	1
q722	330	1
q722	345	1
q722	354	1
q722	359	1
q723	330	1
q723	359	1
q724	1865	1
q724	1906	1
q725	1365	1
q725	1865	1
q726	330	1
q726	345	1
q726	383	1
q727	1320	1
q727	1365	1
q727	1339	1
q727	1238	1
q728	330	1
q729	1236	1
q729	1237	1
q729	1238	1
q729	1243	1
q730	8	1
q730	37	1
q731	272	1
q731	274	1
q731	280	1
q732	309	1
q732	330	1
q732	340	1
q732	345	1
q732	359	1
q732	383	1
q732	393	1
q733	1365	1
q733	1971	1
q734	1320	1
q734	1329	1
q734	1330	1
q734	1337	1
q734	1365	1
q734	1868	1
q734	1874	1
q735	1238	1
q735	1320	1
q735	1338	1
q735	1567	1
q735	1575	1
q735	1576	1
q735	1579	1
q736	393	1
q737	330	1
q738	330	1
q738	345	1
q738	383	1
q739	1365	1
q739	1917	1
q739	1238	1
q739	1243	1
q739	1338	1
q739	1340	1
q739	1320	1
q740	330	1
q740	345	1
q741	330	1
q742	330	1
q742	345	1
q742	359	1
q742	383	1
q743	330	1
q744	1835	1
q745	1365	1
q745	1366	1
q746	330	1
q746	345	1
q746	383	1
q747	1365	1
q747	1320	1
q747	1335	1
q747	1337	1
q747	1338	1
q747	1340	1
q747	1366	1
q747	1471	1
q747	1917	1
q748	1865	1
q749	1792	1
q749	1795	1
q749	1796	1
q749	1813	1
q749	1814	1
q749	1365	1
q750	433	1
q750	434	1
q750	436	1
q751	272	1
q751	274	1
q751	280	1
q752	433	1
q752	434	1
q752	436	1
q752	443	1
q753	345	1
q754	1865	1
q755	1238	1
q755	1239	1
q755	1865	1
q756	1234	1
q756	1238	1
q756	1239	1
q756	1243	1
q756	1267	1
q756	1338	1
q757	433	1
q757	434	1
q757	436	1
q757	439	1
q758	613	1
q758	1365	1
q758	1917	1
q758	1792	1
q758	1338	1
q758	1925	1
q759	1238	1
q759	1239	1
q759	1244	1
q759	1246	1
q759	1250	1
q760	433	1
q760	434	1
q760	436	1
q760	440	1
q761	1906	1
q761	1865	1
q762	309	1
q762	330	1
q762	345	1
q762	359	1
q762	383	1
q762	393	1
q763	1320	1
q763	1330	1
q763	1335	1
q763	1868	1
q763	1870	1
q764	1365	1
q764	1311	1
q765	1238	1
q765	1246	1
q765	1365	1
q766	330	1
q766	345	1
q767	330	1
q768	1868	1
q768	1870	1
q769	330	1
q769	433	1
q769	434	1
q769	436	1
q769	440	1
q769	452	1
q770	330	1
q770	345	1
q771	330	1
q771	345	1
q772	852	1
q772	854	1
q772	855	1
q773	330	1
q774	1320	1
q775	330	1
q775	359	1
q775	383	1
q776	330	1
q776	340	1
q777	1267	1
q777	1320	1
q777	1338	1
q778	1234	1
q778	1238	1
q778	1243	1
q778	1320	1
q778	1338	1
q778	1365	1
q779	1238	1
q779	1243	1
q779	1338	1
q779	1365	1
q780	1865	1
q780	1906	1
q781	330	1
q781	345	1
q781	354	1
q781	359	1
q782	345	1
q783	1320	1
q783	1337	1
q783	1365	1
q783	1457	1
q783	1475	1
q783	1870	1
q784	1365	1
q785	462	1
q786	330	1
q787	1365	1
q788	1238	1
q788	1243	1
q788	1338	1
q788	1365	1
q788	1320	1
q789	1339	1
q789	1365	1
q790	1320	1
q790	1321	1
q790	1322	1
q790	1323	1
q790	1328	1
q790	1365	1
q791	1365	1
q792	272	1
q792	274	1
q792	280	1
q793	1320	1
q793	1338	1
q793	1243	1
q794	309	1
q794	330	1
q794	345	1
q794	393	1
q795	330	1
q796	330	1
q796	340	1
q796	345	1
q797	393	1
q798	309	1
q798	330	1
q798	345	1
q798	359	1
q798	383	1
q798	393	1
q799	330	1
q799	345	1
q799	354	1
q799	359	1
q799	383	1
q800	1868	1
q800	1870	1
q801	1865	1
q802	330	1
q803	1365	1
q804	1320	1
q805	330	1
q805	433	1
q805	434	1
q805	436	1
q805	440	1
q805	452	1
q806	345	1
q807	1868	1
q807	1870	1
q808	330	1
q808	433	1
q808	434	1
q808	440	1
q808	441	1
q808	449	1
q808	452	1
q809	1320	1
q809	1321	1
q809	1338	1
q809	1234	1
q809	1765	1
q809	1767	1
q810	330	1
q810	345	1
q811	330	1
q812	1868	1
q812	1870	1
q813	1238	1
q813	1338	1
q813	1365	1
q813	1917	1
q814	1338	1
q814	1365	1
q815	1330	1
q816	1338	1
q816	1365	1
q817	1365	1
q818	330	1
q819	1365	1
q819	1320	1
q819	1313	1
q820	1320	1
q820	1329	1
q820	1330	1
q820	1337	1
q820	1365	1
q821	330	1
q821	345	1
q822	330	1
q822	345	1
q822	383	1
q823	1868	1
q823	1870	1
q824	393	1
q825	330	1
q825	433	1
q825	434	1
q825	436	1
q825	439	1
q825	441	1
q825	449	1
q825	452	1
q826	1870	1
q826	1320	1
q826	1233	1
q826	1238	1
q826	1243	1
q826	1244	1
q826	1246	1
q826	1338	1
q827	330	1
q827	345	1
q827	383	1
q828	1320	1
q828	1457	1
q828	1871	1
q829	330	1
q829	345	1
q829	383	1
q830	1365	1
q830	1836	1
q830	1865	1
q831	1238	1
q831	1243	1
q831	1338	1
q831	1865	1
q832	330	1
q832	345	1
q833	1243	1
q833	1266	1
q833	1267	1
q833	1335	1
q833	1337	1
q833	1365	1
q833	1367	1
q833	1923	1
q833	1925	1
q834	19	1
q835	330	1
q836	330	1
q836	345	1
q836	354	1
q836	359	1
q836	383	1
q837	1365	1
q837	1917	1
q838	1320	1
q838	1337	1
q838	1338	1
q838	1243	1
q838	1244	1
q838	1245	1
q839	1865	1
q840	330	1
q840	359	1
q840	383	1
q841	830	1
q841	1100	1
q841	1338	1
q841	1858	1
q841	1917	1
q842	345	1
q843	1365	1
q843	1865	1
q844	433	1
q844	434	1
q844	436	1
q844	440	1
q844	462	1
q845	330	1
q845	345	1
q845	354	1
q845	359	1
q846	1365	1
q846	1831	1
q846	1347	1
q846	1339	1
q846	1233	1
q846	1234	1
q846	1238	1
q846	1131	1
q846	1840	1
q846	1850	1
q847	330	1
q847	345	1
q848	1365	1
q848	1666	1
q848	1682	1
q848	1868	1
q848	1870	1
q849	345	1
q850	1338	1
q850	1365	1
q850	1865	1
q851	1243	1
q851	1338	1
q851	1365	1
q851	1366	1
q852	330	1
q852	345	1
q853	309	1
q853	330	1
q853	345	1
q853	359	1
q853	383	1
q853	393	1
q854	1320	1
q854	1338	1
q854	1365	1
q854	1548	1
q854	1867	1
q855	330	1
q856	309	1
q856	330	1
q856	345	1
q856	359	1
q856	383	1
q856	393	1
q857	330	1
q857	345	1
q857	383	1
q858	1906	1
q859	1906	1
q860	1238	1
q860	1243	1
q860	1244	1
q860	1338	1
q861	1131	1
q861	1338	1
q861	1548	1
q862	393	1
q863	1320	1
q863	1338	1
q863	1246	1
q863	1340	1
q864	330	1
q864	345	1
q864	383	1
q865	1320	1
q865	1338	1
q865	1238	1
q866	1365	1
q866	1366	1
q866	1917	1
q867	272	1
q867	280	1
q868	330	1
q868	345	1
q869	1865	1
q869	1906	1
q870	19	1
q871	330	1
q871	345	1
q872	1365	1
q873	1865	1
q873	1906	1
q874	1320	1
q874	1321	1
q874	1365	1
q875	330	1
q875	345	1
q875	383	1
q876	1865	1
q876	1906	1
q877	1865	1
q878	345	1
q879	1917	1
q880	1365	1
q881	1865	1
q882	1243	1
q882	1320	1
q883	330	1
q884	1365	1
q884	1367	1
q884	1317	1
q884	1319	1
q884	1320	1
q884	1338	1
q884	1342	1
q884	1601	1
q884	1694	1
q884	1719	1
q885	1320	1
q885	1365	1
q886	1320	1
q886	1338	1
q886	1365	1
q887	1916	1
q887	1917	1
q887	1918	1
q887	1920	1
q888	330	1
q888	354	1
q888	359	1
q889	1131	1
q889	1365	1
q890	1356	1
q891	330	1
q891	340	1
q891	345	1
q891	354	1
q891	359	1
q892	1868	1
q892	1870	1
q893	330	1
q893	345	1
q893	383	1
q894	139	1
q894	166	1
q895	1365	1
q896	359	1
q896	383	1
q896	330	1
q896	354	1
q897	433	1
q897	434	1
q897	436	1
q897	437	1
q897	446	1
q898	1243	1
q898	1338	1
q898	1266	1
q898	1320	1
q899	309	1
q899	330	1
q899	345	1
q899	393	1
q900	1365	1
q901	138	1
q901	1243	1
q901	1320	1
q901	1338	1
q901	1340	1
q902	1320	1
q902	1365	1
q903	1365	1
q904	1457	1
q904	1458	1
q904	1865	1
q905	433	1
q905	434	1
q905	436	1
q905	439	1
q906	1320	1
q906	1340	1
q907	1888	1
q908	1906	1
q909	345	1
q909	383	1
q910	1320	1
q910	1321	1
q910	1322	1
q910	1323	1
q910	1324	1
q910	1325	1
q910	1328	1
q910	1335	1
q910	1337	1
q910	1365	1
q911	433	1
q911	434	1
q911	436	1
q911	437	1
q911	446	1
q912	1320	1
q912	1338	1
q912	1862	1
q913	1243	1
q913	1244	1
q913	1245	1
q913	1320	1
q913	1337	1
q913	1338	1
q913	1365	1
q913	1366	1
q913	1367	1
q913	1865	1
q914	309	1
q914	330	1
q914	345	1
q914	354	1
q914	359	1
q914	383	1
q914	393	1
q915	1320	1
q915	1365	1
q916	1338	1
q916	1831	1
q916	1832	1
q916	1840	1
q916	1850	1
q917	330	1
q917	345	1
q918	330	1
q919	1320	1
q919	1340	1
q920	1888	1
q921	1340	1
q921	1838	1
q922	1365	1
q922	1337	1
q922	1338	1
q923	1868	1
q923	1870	1
q924	330	1
q924	383	1
q925	1338	1
q925	1340	1
q926	1234	1
q926	1243	1
q926	1365	1
q926	1858	1
q926	1917	1
q927	1886	1
q927	1458	1
q927	1320	1
q927	1338	1
q927	1313	1
q927	1238	1
q928	1835	1
q929	280	1
q930	1234	1
q930	1243	1
q930	1320	1
q930	1338	1
q930	1340	1
q930	1865	1
q930	1886	1
q931	1365	1
q932	1320	1
q932	1338	1
q932	1340	1
q932	1365	1
q932	1366	1
q933	1365	1
q934	330	1
q935	1888	1
q936	1365	1
q937	1865	1
q938	1320	1
q938	1238	1
q938	1243	1
q939	1320	1
q939	1335	1
q939	1337	1
q939	1340	1
q939	1365	1
q939	1366	1
q940	1688	1
q941	345	1
q942	433	1
q942	434	1
q942	436	1
q943	1365	1
q943	284	1
q944	330	1
q944	359	1
q945	330	1
q945	345	1
q945	383	1
q946	1320	1
q946	1335	1
q946	1337	1
q946	1234	1
q946	1238	1
q946	1243	1
q946	1865	1
q947	1320	1
q947	1338	1
q947	1100	1
q947	833	1
q948	1100	1
q948	1365	1
q949	188	1
q950	188	1
q951	1888	1
q952	1320	1
q952	1365	1
q953	393	1
q953	842	1
q954	188	1
q955	433	1
q955	434	1
q956	188	1
q957	1234	1
q957	1238	1
q957	1243	1
q957	1320	1
q958	188	1
q959	188	1
q960	1365	1
q961	188	1
q962	529	1
q962	1365	1
q962	1963	1
q963	307	1
q963	330	1
q963	345	1
q963	383	1
q964	1238	1
q965	8	1
q965	134	1
q965	1243	1
q965	1266	1
q965	1320	1
q965	1338	1
q965	1365	1
q965	1557	1
q965	1559	1
q965	1575	1
q966	272	1
q967	188	1
q968	272	1
q969	272	1
q970	188	1
q971	272	1
q972	1888	1
q973	188	1
q974	345	1
q975	1888	1
q976	433	1
q976	434	1
q977	1365	1
q978	188	1
q979	188	1
q980	1365	1
q980	1372	1
q981	188	1
q982	1238	1
q982	1243	1
q982	1813	1
q982	1820	1
q982	1888	1
q982	1922	1
q982	1365	1
q983	1338	1
q983	1365	1
q984	188	1
q985	188	1
q985	229	1
q986	1238	1
q986	1243	1
q986	1244	1
q987	188	1
q987	229	1
q988	188	1
q989	832	1
q989	330	1
q990	188	1
q991	330	1
q991	1888	1
q992	188	1
q992	1238	1
q992	1243	1
q992	1246	1
q992	1250	1
q993	1365	1
q993	1457	1
q993	1682	1
q993	1687	1
q994	188	1
q995	1338	1
q995	613	1
q995	1365	1
q995	1370	1
q995	1371	1
q995	1372	1
q996	1365	1
q997	132	1
q997	133	1
q997	1548	1
q997	1550	1
q997	1551	1
q997	1560	1
q997	1564	1
q997	1569	1
q997	1365	1
q998	188	1
q999	103	1
q1000	1365	1
q1001	1865	1
q1002	1863	1
q1003	433	1
q1003	434	1
q1004	330	1
q1004	345	1
q1004	307	1
q1004	383	1
q1005	188	1
q1006	188	1
q1007	261	1
q1007	1365	1
q1007	1366	1
q1008	188	1
q1009	188	1
q1010	330	1
q1011	188	1
q1011	393	1
q1011	394	1
q1012	299	1
q1012	330	1
q1012	397	1
q1012	1865	1
q1013	188	1
q1013	229	1
q1014	1365	1
q1014	1320	1
q1014	1457	1
q1014	1967	1
q1015	1365	1
q1016	188	1
q1016	433	1
q1016	434	1
q1016	436	1
q1016	452	1
q1017	463	1
q1017	1888	1
q1018	1320	1
q1018	1243	1
q1019	433	1
q1019	434	1
q1019	436	1
q1020	1365	1
q1020	1967	1
q1021	531	1
q1021	1338	1
q1021	1831	1
q1022	1320	1
q1022	1471	1
q1022	188	1
q1023	50	1
q1024	208	1
q1025	1888	1
q1026	1888	1
q1027	188	1
q1028	1888	1
q1029	1320	1
q1029	1335	1
q1029	1337	1
q1029	1365	1
q1030	188	1
q1031	188	1
q1032	1320	1
q1032	1338	1
q1032	188	1
q1032	1925	1
q1033	895	1
q1033	913	1
q1033	914	1
q1034	393	1
q1034	394	1
q1034	1320	1
q1035	188	1
q1036	1100	1
q1036	1243	1
q1036	1365	1
q1037	393	1
q1037	394	1
q1038	393	1
q1039	393	1
q1040	393	1
q1041	393	1
q1042	393	1
q1043	330	1
q1043	1888	1
q1044	188	1
q1045	188	1
q1046	330	1
q1046	331	1
q1047	188	1
q1048	1233	1
q1048	1236	1
q1048	1238	1
q1048	1239	1
q1048	1243	1
q1048	1244	1
q1048	1304	1
q1048	1320	1
q1048	1338	1
q1048	1339	1
q1049	299	1
q1049	433	1
q1049	434	1
q1049	436	1
q1050	299	1
q1050	436	1
q1051	1888	1
q1052	917	1
q1052	938	1
q1052	939	1
q1053	188	1
q1054	188	1
q1055	433	1
q1055	434	1
q1055	436	1
q1055	452	1
q1056	330	1
q1056	345	1
q1056	393	1
q1056	1330	1
q1057	1365	1
q1058	1320	1
q1058	1338	1
q1059	188	1
q1060	188	1
q1061	433	1
q1061	434	1
q1062	188	1
q1063	188	1
q1063	274	1
q1063	277	1
q1063	284	1
q1064	188	1
q1065	274	1
q1065	277	1
q1065	284	1
q1066	284	1
q1067	393	1
q1068	188	1
q1069	393	1
q1070	393	1
q1071	433	1
q1071	434	1
q1071	436	1
q1072	188	1
q1073	1888	1
q1074	152	1
q1075	188	1
q1076	188	1
q1076	433	1
q1076	434	1
q1076	436	1
q1076	452	1
q1077	188	1
q1078	188	1
q1078	272	1
q1078	284	1
q1079	1238	1
q1079	1239	1
q1079	1243	1
q1079	1250	1
q1079	1866	1
q1080	463	1
q1080	467	1
q1080	468	1
q1080	492	1
q1081	188	1
q1082	188	1
q1083	463	1
q1083	495	1
q1084	188	1
q1085	1243	1
q1086	330	1
q1087	1888	1
q1088	331	1
q1088	345	1
q1088	351	1
q1088	354	1
q1088	361	1
q1089	330	1
q1089	393	1
q1089	1330	1
q1090	188	1
q1091	188	1
q1092	188	1
q1093	188	1
q1094	393	1
q1095	188	1
q1096	188	1
q1096	284	1
q1097	1320	1
q1097	330	1
q1097	1365	1
q1098	331	1
q1098	351	1
q1098	354	1
q1098	361	1
q1099	393	1
q1100	393	1
q1101	1365	1
q1101	1233	1
q1101	1320	1
q1101	1338	1
q1101	1458	1
q1101	1457	1
q1101	1234	1
q1101	1243	1
q1101	1267	1
q1101	1266	1
q1102	330	1
q1102	1888	1
q1103	393	1
q1104	188	1
q1105	188	1
q1106	393	1
q1107	188	1
q1108	188	1
q1108	433	1
q1108	434	1
q1108	452	1
q1109	188	1
q1110	1233	1
q1110	1234	1
q1110	1243	1
q1110	1244	1
q1110	1246	1
q1110	1249	1
q1110	1338	1
q1110	1365	1
q1111	188	1
q1112	1365	1
q1112	1266	1
q1112	1338	1
q1113	1666	1
q1113	1682	1
q1113	1683	1
q1113	1687	1
q1114	330	1
q1114	331	1
q1114	524	1
q1115	1338	1
q1115	152	1
q1116	393	1
q1117	393	1
q1118	284	1
q1119	188	1
q1120	284	1
q1121	330	1
q1122	463	1
q1122	467	1
q1123	188	1
q1124	188	1
q1124	284	1
q1125	1865	1
q1126	284	1
q1127	188	1
q1127	393	1
q1127	394	1
q1128	188	1
q1129	188	1
q1130	188	1
q1131	1238	1
q1131	1320	1
q1131	1365	1
q1131	1353	1
q1131	1820	1
q1132	393	1
q1133	330	1
q1133	1888	1
q1134	188	1
q1134	284	1
q1135	188	1
q1135	284	1
q1136	272	1
q1136	273	1
q1136	274	1
q1137	188	1
q1137	284	1
q1138	1888	1
q1139	188	1
q1140	188	1
q1141	100	1
q1141	101	1
q1141	188	1
q1142	433	1
q1142	434	1
q1142	436	1
q1143	330	1
q1144	188	1
q1145	393	1
q1146	188	1
q1147	188	1
q1148	1338	1
q1148	1365	1
q1149	188	1
q1150	188	1
q1151	188	1
q1152	262	1
q1152	277	1
q1152	284	1
q1153	188	1
q1153	393	1
q1153	394	1
q1154	1863	1
q1155	330	1
q1155	345	1
q1155	359	1
q1155	360	1
q1156	1868	1
q1157	188	1
q1157	393	1
q1157	394	1
q1158	188	1
q1159	331	1
q1159	345	1
q1159	351	1
q1159	354	1
q1159	361	1
q1160	330	1
q1161	1338	1
q1161	1365	1
q1162	188	1
q1163	1267	1
q1163	1337	1
q1163	1365	1
q1163	1367	1
q1164	188	1
q1165	1320	1
q1165	1338	1
q1165	1963	1
q1165	1967	1
q1166	830	1
q1166	852	1
q1167	330	1
q1167	345	1
q1167	832	1
q1168	1868	1
q1168	1871	1
q1169	188	1
q1170	1238	1
q1170	1267	1
q1171	277	1
q1172	1320	1
q1172	1337	1
q1172	1338	1
q1172	1365	1
q1173	1320	1
q1173	1338	1
q1173	1234	1
q1173	1238	1
q1173	1239	1
q1173	1243	1
q1173	1244	1
q1173	1250	1
q1173	1131	1
q1173	1313	1
q1174	330	1
q1175	1320	1
q1175	1338	1
q1175	1340	1
q1175	1238	1
q1175	1243	1
q1175	1763	1
q1175	1365	1
q1176	1233	1
q1176	1234	1
q1176	1242	1
q1176	1247	1
q1176	1248	1
q1176	1792	1
q1176	1802	1
q1176	1813	1
q1176	1814	1
q1177	1246	1
q1177	1320	1
q1177	1338	1
q1177	1365	1
q1178	106	1
q1179	1234	1
q1179	1320	1
q1179	1338	1
q1179	1365	1
q1179	1381	1
q1180	1320	1
q1180	1338	1
q1180	1238	1
q1180	1239	1
q1181	433	1
q1181	434	1
q1182	1335	1
q1182	1337	1
q1182	1338	1
q1182	1365	1
q1182	1367	1
q1183	1404	1
q1184	1313	1
q1184	1320	1
q1184	1338	1
q1184	1238	1
q1184	1243	1
q1184	1885	1
q1185	188	1
q1186	393	1
q1187	188	1
q1188	1238	1
q1188	1365	1
q1188	1366	1
q1189	1365	1
q1190	393	1
q1191	1888	1
q1192	188	1
q1193	1365	1
q1193	27	1
q1193	71	1
q1194	1320	1
q1194	1458	1
q1195	1234	1
q1195	1243	1
q1195	1246	1
q1195	1239	1
q1195	188	1
q1195	1313	1
q1195	1320	1
q1195	1338	1
q1195	1938	1
q1196	188	1
q1197	188	1
q1198	188	1
q1199	188	1
q1200	280	1
q1200	281	1
q1201	188	1
q1201	393	1
q1201	394	1
q1202	188	1
q1203	1320	1
q1203	1335	1
q1203	1337	1
q1203	1338	1
q1203	1365	1
q1203	1917	1
q1203	1685	1
q1203	1449	1
q1204	1365	1
q1204	832	1
q1205	1313	1
q1205	1338	1
q1205	1236	1
q1205	1238	1
q1205	1239	1
q1205	1243	1
q1205	1250	1
q1205	1888	1
q1206	1243	1
q1206	1317	1
q1206	1340	1
q1206	1365	1
q1207	188	1
q1208	331	1
q1208	351	1
q1208	361	1
q1209	1888	1
q1210	433	1
q1210	436	1
q1211	188	1
q1211	229	1
q1212	1243	1
q1213	613	1
q1213	1238	1
q1213	1243	1
q1213	1338	1
q1213	1339	1
q1213	1917	1
q1214	433	1
q1214	434	1
q1214	436	1
q1215	1365	1
q1215	1963	1
q1215	1964	1
q1215	1967	1
q1216	330	1
q1216	1888	1
q1217	1888	1
q1218	330	1
q1218	446	1
q1219	188	1
q1220	188	1
q1221	1320	1
q1221	1337	1
q1221	1338	1
q1221	1365	1
q1222	1236	1
q1222	1237	1
q1222	1243	1
q1222	1267	1
q1222	1313	1
q1222	1365	1
q1222	1370	1
q1222	1372	1
q1222	1457	1
q1223	1243	1
q1223	1307	1
q1224	188	1
q1225	1365	1
q1226	1365	1
q1227	188	1
q1228	433	1
q1228	434	1
q1228	436	1
q1229	188	1
q1229	393	1
q1229	394	1
q1230	188	1
q1231	393	1
q1232	1320	1
q1232	1365	1
q1233	1320	1
q1233	529	1
q1233	1372	1
q1234	188	1
q1235	1365	1
q1235	1366	1
q1235	188	1
q1236	1365	1
q1236	1238	1
q1236	1243	1
q1237	393	1
q1238	1238	1
q1238	1243	1
q1238	1338	1
q1238	1865	1
q1239	188	1
q1239	1238	1
q1239	1243	1
q1239	1245	1
q1240	1234	1
q1240	1320	1
q1240	1321	1
q1240	1330	1
q1240	1332	1
q1240	1335	1
q1240	1337	1
q1240	1338	1
q1240	1868	1
q1240	1870	1
q1241	393	1
q1241	394	1
q1242	433	1
q1242	434	1
q1242	436	1
q1243	188	1
q1244	330	1
q1244	1888	1
q1245	103	1
q1246	1313	1
q1246	1338	1
q1246	1238	1
q1246	1239	1
q1246	1243	1
q1246	1244	1
q1247	1365	1
q1247	188	1
q1248	1243	1
q1248	1338	1
q1248	1238	1
q1248	1320	1
q1249	1888	1
q1250	1365	1
q1250	188	1
q1251	188	1
q1252	1888	1
q1253	188	1
q1254	1865	1
q1255	188	1
q1255	330	1
q1256	1888	1
q1257	330	1
q1257	345	1
q1257	1330	1
q1258	1888	1
q1259	1320	1
q1259	1338	1
q1259	1763	1
q1260	1365	1
q1260	1320	1
q1261	1865	1
q1262	330	1
q1262	345	1
q1262	1330	1
q1263	1370	1
q1263	1371	1
q1263	1372	1
q1264	1365	1
q1264	188	1
q1265	1238	1
q1265	1243	1
q1265	1365	1
q1266	188	1
q1267	1365	1
q1268	188	1
q1268	393	1
q1268	394	1
q1269	330	1
q1269	1888	1
q1270	1365	1
q1271	1320	1
q1271	1321	1
q1271	1328	1
q1271	1329	1
q1271	1332	1
q1271	1335	1
q1271	1337	1
q1271	1338	1
q1271	1340	1
q1272	188	1
q1272	433	1
q1272	434	1
q1272	436	1
q1272	452	1
q1273	310	1
q1273	393	1
q1273	394	1
q1274	1365	1
q1274	1917	1
q1275	330	1
q1276	188	1
q1276	229	1
q1277	188	1
q1277	393	1
q1277	394	1
q1278	272	1
q1278	281	1
q1278	1888	1
q1279	100	1
q1280	1239	1
q1280	1813	1
q1280	1814	1
q1280	188	1
q1281	1320	1
q1281	1338	1
q1281	1238	1
q1281	1239	1
q1281	1243	1
q1281	1250	1
q1282	1365	1
q1283	1917	1
q1284	1315	1
q1284	1320	1
q1284	1335	1
q1284	1365	1
q1284	1367	1
q1284	1888	1
q1285	913	1
q1285	1365	1
q1285	345	1
q1285	852	1
q1286	1365	1
q1287	1365	1
q1287	1851	1
q1287	1320	1
q1287	1330	1
q1287	1338	1
q1288	1865	1
q1289	1338	1
q1289	1340	1
q1289	1865	1
q1290	128	1
q1290	832	1
q1290	852	1
q1290	1365	1
q1290	1372	1
q1290	1373	1
q1291	1234	1
q1291	1238	1
q1291	1320	1
q1291	1338	1
q1292	1320	1
q1292	1338	1
q1293	1888	1
q1294	1320	1
q1295	511	1
q1295	612	1
q1296	1365	1
q1296	1367	1
q1296	1320	1
q1297	1320	1
q1297	1338	1
q1297	1365	1
q1297	1457	1
q1297	1838	1
q1297	1870	1
q1297	1946	1
q1297	1967	1
q1298	1234	1
q1298	1320	1
q1298	1330	1
q1298	1457	1
q1298	1473	1
q1298	1474	1
q1298	1482	1
q1298	1504	1
q1298	1513	1
q1299	1888	1
q1300	103	1
q1301	27	1
q1301	28	1
q1301	834	1
q1302	1365	1
q1302	1888	1
q1303	1642	1
q1303	1643	1
q1303	1644	1
q1303	1645	1
q1303	1236	1
q1303	1239	1
q1303	1243	1
q1303	1246	1
q1303	1250	1
q1304	188	1
q1305	1320	1
q1305	1324	1
q1305	1338	1
q1306	188	1
q1307	1365	1
q1307	1367	1
q1307	1370	1
q1307	1371	1
q1307	1372	1
q1307	1373	1
q1308	613	1
q1308	1365	1
q1309	188	1
q1310	1320	1
q1310	1338	1
q1310	1365	1
q1310	1457	1
q1310	1458	1
q1310	1489	1
q1311	393	1
q1312	830	1
q1312	852	1
q1312	1666	1
q1312	1365	1
q1313	188	1
q1314	1320	1
q1314	1338	1
q1314	1365	1
q1314	1367	1
q1315	1321	1
q1315	1243	1
q1315	1365	1
q1316	188	1
q1317	1865	1
q1318	393	1
q1319	1365	1
q1319	1328	1
q1319	1315	1
q1320	433	1
q1320	434	1
q1320	436	1
q1321	1320	1
q1321	1338	1
q1321	1339	1
q1321	1243	1
q1321	1248	1
q1321	1266	1
q1321	1267	1
q1321	1457	1
q1322	280	1
q1322	284	1
q1323	1320	1
q1323	1338	1
q1324	1365	1
q1325	1340	1
q1325	1320	1
q1325	188	1
q1326	1365	1
q1327	1243	1
q1327	1267	1
q1328	1365	1
q1328	1865	1
q1329	1365	1
q1329	130	1
q1329	1342	1
q1329	1346	1
q1329	1372	1
q1329	1376	1
q1330	1238	1
q1330	1246	1
q1330	1320	1
q1330	1338	1
q1331	833	1
q1332	1238	1
q1332	1243	1
q1332	1244	1
q1332	1267	1
q1332	1320	1
q1332	1338	1
q1333	1370	1
q1334	1320	1
q1334	1338	1
q1334	1365	1
q1335	1238	1
q1335	1338	1
q1335	1340	1
q1335	1365	1
q1335	1370	1
q1336	1234	1
q1336	1237	1
q1336	1239	1
q1336	1365	1
q1337	188	1
q1338	1313	1
q1338	1320	1
q1338	1338	1
q1338	1865	1
q1338	1888	1
q1338	1938	1
q1339	1265	1
q1339	1266	1
q1339	1320	1
q1339	1365	1
q1340	1234	1
q1340	1320	1
q1340	1457	1
q1340	584	1
q1340	612	1
q1340	1238	1
q1340	1239	1
q1340	1267	1
q1340	1865	1
q1340	1866	1
q1341	1338	1
q1341	1243	1
q1342	188	1
q1343	1888	1
q1344	1337	1
q1344	1338	1
q1344	1340	1
q1344	1365	1
q1344	1367	1
q1345	1238	1
q1345	1239	1
q1345	1320	1
q1345	1338	1
q1346	188	1
q1346	229	1
q1347	103	1
q1347	106	1
q1348	1320	1
q1348	1338	1
q1348	574	1
q1349	1320	1
q1349	1365	1
q1350	1365	1
q1351	1320	1
q1351	1243	1
q1351	1238	1
q1351	1250	1
q1352	1320	1
q1352	1868	1
q1352	1870	1
q1353	1320	1
q1353	1365	1
q1354	1365	1
q1355	1320	1
q1355	1337	1
q1355	1338	1
q1355	1365	1
q1355	1808	1
q1355	1813	1
q1355	1868	1
q1355	1870	1
q1355	832	1
q1355	852	1
q1356	1238	1
q1356	1243	1
q1356	1320	1
q1356	1338	1
q1356	1339	1
q1357	1250	1
q1357	1243	1
q1358	1320	1
q1358	1338	1
q1358	1243	1
q1358	1767	1
q1359	100	1
q1359	101	1
q1359	188	1
q1360	1888	1
q1361	1888	1
q1362	1313	1
q1362	1315	1
q1362	1317	1
q1362	1338	1
q1362	1238	1
q1362	1239	1
q1362	1246	1
q1362	1767	1
q1363	354	1
q1363	355	1
q1363	1365	1
q1364	1239	1
q1364	1246	1
q1364	1946	1
q1365	1365	1
q1365	1317	1
q1365	1320	1
q1365	1340	1
q1365	1868	1
q1365	1917	1
q1366	1365	1
q1367	188	1
q1368	452	1
q1369	1365	1
q1369	1917	1
q1369	1967	1
q1370	345	1
q1370	393	1
q1370	394	1
q1371	393	1
q1372	1335	1
q1372	1337	1
q1372	1365	1
q1372	1918	1
q1373	1851	1
q1374	830	1
q1374	831	1
q1374	832	1
q1374	833	1
q1374	834	1
q1374	1365	1
q1375	393	1
q1376	1239	1
q1376	1243	1
q1377	1365	1
q1377	330	1
q1377	1865	1
q1378	1967	1
q1379	1365	1
q1379	188	1
q1379	1371	1
q1380	1238	1
q1380	1243	1
q1380	1250	1
q1381	1238	1
q1381	1317	1
q1381	1340	1
q1381	1865	1
q1381	1866	1
q1382	1238	1
q1382	1239	1
q1382	1266	1
q1382	1267	1
q1382	1338	1
q1383	21	1
q1383	25	1
q1384	188	1
q1384	613	1
q1384	1338	1
q1384	1365	1
q1385	1320	1
q1385	1666	1
q1385	1682	1
q1385	1683	1
q1385	1688	1
q1385	1690	1
q1386	1365	1
q1386	833	1
q1386	1367	1
q1387	1504	1
q1388	1320	1
q1388	1366	1
q1388	1866	1
q1388	1923	1
q1388	1925	1
q1389	1365	1
q1390	1365	1
q1391	188	1
q1392	1888	1
q1393	1865	1
q1394	188	1
q1395	1239	1
q1395	1320	1
q1395	1365	1
q1396	188	1
q1396	330	1
q1396	393	1
q1396	394	1
q1397	393	1
q1397	394	1
q1398	1320	1
q1398	1328	1
q1398	1338	1
q1398	1365	1
q1398	1238	1
q1398	1243	1
q1398	570	1
q1398	1457	1
q1399	103	1
q1400	830	1
q1400	831	1
q1400	832	1
q1400	834	1
q1400	852	1
q1400	1870	1
q1401	196	1
q1402	103	1
q1403	1320	1
q1403	1328	1
q1403	1458	1
q1403	1459	1
q1403	188	1
q1404	1365	1
q1405	19	1
q1406	433	1
q1406	434	1
q1407	1238	1
q1408	1866	1
q1409	1365	1
q1409	1796	1
q1409	1797	1
q1410	1239	1
q1410	1243	1
q1410	1365	1
q1410	1457	1
q1411	188	1
q1411	229	1
q1412	280	1
q1412	281	1
q1412	283	1
q1413	1866	1
q1414	1866	1
q1415	1865	1
q1416	1888	1
q1417	1238	1
q1417	1338	1
q1417	1365	1
q1418	188	1
q1419	331	1
q1419	345	1
q1419	351	1
q1419	354	1
q1419	361	1
q1420	272	1
q1421	188	1
q1422	100	1
q1422	101	1
q1422	188	1
q1423	188	1
q1424	1329	1
q1424	1330	1
q1425	1365	1
q1426	174	1
q1426	316	1
q1426	613	1
q1426	1238	1
q1426	1320	1
q1426	1338	1
q1426	1339	1
q1426	1365	1
q1426	1865	1
q1426	1925	1
q1427	196	1
q1428	1865	1
q1429	1238	1
q1429	1338	1
q1429	1365	1
q1429	1866	1
q1429	1925	1
q1430	272	1
q1431	1131	1
q1431	1238	1
q1431	1239	1
q1431	1243	1
q1431	1244	1
q1431	1246	1
q1431	1250	1
q1431	1338	1
q1431	1767	1
q1432	1338	1
q1432	1243	1
q1432	1244	1
q1432	1246	1
q1432	1250	1
q1432	1131	1
q1432	163	1
q1432	1238	1
q1432	1239	1
q1432	1767	1
q1433	1230	1
q1433	1243	1
q1433	1320	1
q1433	1338	1
q1434	1365	1
q1434	1366	1
q1434	1367	1
q1435	1858	1
q1436	1243	1
q1436	1247	1
q1436	1320	1
q1436	1338	1
q1437	188	1
q1438	1320	1
q1438	1338	1
q1439	1320	1
q1439	1338	1
q1439	1813	1
q1439	1246	1
q1440	833	1
q1440	1238	1
q1441	188	1
q1442	1320	1
q1442	1338	1
q1442	1243	1
q1442	1246	1
q1442	1247	1
q1442	1438	1
q1442	1865	1
q1443	1365	1
q1443	1367	1
q1444	393	1
q1444	394	1
q1445	188	1
q1446	467	1
q1447	433	1
q1447	434	1
q1447	436	1
q1448	1365	1
q1448	613	1
q1449	1100	1
q1449	1238	1
q1449	1239	1
q1449	1243	1
q1449	1250	1
q1449	1313	1
q1449	1338	1
q1450	1320	1
q1450	1338	1
q1450	1234	1
q1450	1238	1
q1450	1243	1
q1450	1247	1
q1450	1131	1
q1451	330	1
q1451	345	1
q1452	1313	1
q1452	1233	1
q1452	1234	1
q1452	1320	1
q1453	1234	1
q1453	1237	1
q1453	1238	1
q1453	1243	1
q1453	1338	1
q1454	330	1
q1454	345	1
q1454	354	1
q1455	340	1
q1455	345	1
q1455	330	1
q1456	188	1
q1457	188	1
q1458	1243	1
q1458	1365	1
q1458	1865	1
q1458	1925	1
q1459	832	1
q1459	874	1
q1459	875	1
q1459	877	1
q1459	885	1
q1459	887	1
q1459	1365	1
q1460	1365	1
q1460	1366	1
q1460	1367	1
q1461	433	1
q1461	434	1
q1462	1365	1
q1462	1366	1
q1462	1367	1
q1463	15	1
q1463	1317	1
q1463	1340	1
q1463	1365	1
q1463	1400	1
q1463	1925	1
q1464	188	1
q1465	330	1
q1466	1865	1
q1467	393	1
q1468	330	1
q1469	330	1
q1470	1131	1
q1470	1238	1
q1470	1243	1
q1470	1338	1
q1471	1888	1
q1472	1888	1
q1473	433	1
q1473	434	1
q1473	436	1
q1473	452	1
q1474	163	1
q1474	188	1
q1475	1320	1
q1475	1338	1
q1475	1238	1
q1475	1239	1
q1475	1243	1
q1475	1244	1
q1476	1365	1
q1476	1967	1
q1477	1338	1
q1477	1865	1
q1478	116	1
q1479	295	1
q1479	296	1
q1479	433	1
q1479	434	1
q1479	436	1
q1479	437	1
q1479	438	1
q1479	439	1
q1479	449	1
q1480	1688	1
q1480	1673	1
q1481	1865	1
q1482	1320	1
q1482	1338	1
q1482	1243	1
q1482	1365	1
q1482	188	1
q1482	834	1
q1482	1266	1
q1483	188	1
q1483	229	1
q1484	1888	1
q1485	1238	1
q1485	1243	1
q1485	1865	1
q1486	19	1
q1487	1365	1
q1487	1366	1
q1488	1365	1
q1489	1851	1
q1489	1858	1
q1490	100	1
q1490	101	1
q1490	188	1
q1491	330	1
q1491	1888	1
q1492	433	1
q1492	434	1
q1492	436	1
q1492	452	1
q1492	1888	1
q1493	832	1
q1493	852	1
q1493	874	1
q1493	875	1
q1493	913	1
q1493	914	1
q1493	957	1
q1494	613	1
q1494	1236	1
q1494	1320	1
q1494	1868	1
q1495	1365	1
q1495	24	1
q1495	1320	1
q1495	1820	1
q1496	188	1
q1497	11	1
q1498	1365	1
q1499	1365	1
q1500	1238	1
q1500	1243	1
q1500	1250	1
q1501	1365	1
q1502	1243	1
q1502	1250	1
q1502	1267	1
q1503	619	1
q1503	1365	1
q1503	1370	1
q1504	1792	1
q1505	188	1
q1506	1365	1
q1506	188	1
q1507	1320	1
q1507	1329	1
q1507	1330	1
q1507	1337	1
q1507	1338	1
q1507	1243	1
q1507	1246	1
q1507	1247	1
q1507	1267	1
q1507	1365	1
q1508	1365	1
q1508	1917	1
q1509	1320	1
q1509	1321	1
q1509	1238	1
q1509	1239	1
q1509	1243	1
q1509	1248	1
q1509	1365	1
q1510	330	1
q1511	1888	1
q1512	101	1
q1513	463	1
q1513	467	1
q1514	1320	1
q1514	1338	1
q1514	1340	1
q1514	1365	1
q1514	1967	1
q1515	1963	1
q1516	1238	1
q1516	1321	1
q1516	1365	1
q1517	188	1
q1518	1365	1
q1519	1313	1
q1519	1320	1
q1519	1321	1
q1519	1338	1
q1519	1365	1
q1520	188	1
q1521	838	1
q1522	1365	1
q1522	1550	1
q1522	1552	1
q1522	1924	1
q1523	330	1
q1523	345	1
q1523	393	1
q1523	1330	1
q1524	130	1
q1524	1865	1
q1525	1365	1
q1525	1367	1
q1525	1865	1
q1526	272	1
q1526	273	1
q1526	274	1
q1527	1365	1
q1527	1366	1
q1527	1871	1
q1528	188	1
q1529	1365	1
q1530	188	1
q1531	188	1
q1532	272	1
q1532	273	1
q1532	283	1
q1532	330	1
q1532	832	1
q1533	1365	1
q1533	1338	1
q1533	1320	1
q1533	1324	1
q1533	1254	1
q1533	1337	1
q1534	1243	1
q1534	1457	1
q1535	1338	1
q1535	1238	1
q1536	1320	1
q1536	1337	1
q1536	1338	1
q1536	1365	1
q1536	1367	1
q1537	1365	1
q1538	1313	1
q1538	1315	1
q1538	1320	1
q1538	1337	1
q1538	1338	1
q1538	1339	1
q1538	1340	1
q1539	1313	1
q1539	1320	1
q1539	1365	1
q1539	1792	1
q1539	1813	1
q1539	1868	1
q1540	1365	1
q1541	1365	1
q1541	1366	1
q1542	1233	1
q1542	1238	1
q1542	1239	1
q1542	1243	1
q1542	1320	1
q1543	1316	1
q1543	1338	1
q1543	1250	1
q1544	107	1
q1545	1320	1
q1545	1338	1
q1545	1457	1
q1545	531	1
q1545	584	1
q1545	832	1
q1545	833	1
q1545	834	1
q1546	1320	1
q1546	1328	1
q1546	1329	1
q1546	1330	1
q1546	1338	1
q1546	1233	1
q1546	1238	1
q1546	1239	1
q1546	1243	1
q1547	1865	1
q1548	1234	1
q1548	1239	1
q1549	1365	1
q1550	1338	1
q1550	1238	1
q1550	1246	1
q1550	1365	1
q1551	1313	1
q1551	1320	1
q1551	1243	1
q1551	1865	1
q1552	1320	1
q1552	1865	1
q1552	1888	1
q1553	1320	1
q1553	1234	1
q1553	1243	1
q1553	1244	1
q1553	1245	1
q1553	1246	1
q1553	1247	1
q1553	1266	1
q1553	1267	1
q1554	1365	1
q1554	1320	1
q1554	1321	1
q1554	1328	1
q1554	1337	1
q1554	1338	1
q1554	1253	1
q1555	163	1
q1555	181	1
q1555	1238	1
q1555	1239	1
q1555	1243	1
q1555	1246	1
q1556	1234	1
q1556	1238	1
q1556	1243	1
q1556	1338	1
q1557	1239	1
q1558	1320	1
q1558	1338	1
q1558	1243	1
q1558	1266	1
q1558	1267	1
q1558	1238	1
q1558	1239	1
q1558	1313	1
q1559	1338	1
q1559	1813	1
q1559	531	1
q1560	1320	1
q1560	1338	1
q1560	1365	1
q1561	1365	1
q1561	1548	1
q1562	1131	1
q1562	1138	1
q1562	1338	1
q1562	1812	1
q1563	1243	1
q1563	1366	1
q1563	1367	1
q1564	1234	1
q1564	1238	1
q1564	1243	1
q1564	1246	1
q1564	1250	1
q1564	1267	1
q1564	1320	1
q1564	1330	1
q1564	1338	1
q1564	1888	1
q1565	1967	1
q1565	1950	1
q1566	1865	1
q1567	1320	1
q1567	1338	1
q1567	1238	1
q1567	1365	1
q1567	1866	1
q1568	1888	1
q1569	463	1
q1569	467	1
q1570	1365	1
q1570	1372	1
q1571	1313	1
q1571	1237	1
q1571	1239	1
q1571	1338	1
q1571	1234	1
q1571	1237	1
q1572	1338	1
q1572	1238	1
q1572	1243	1
q1572	1246	1
q1572	1320	1
q1572	1365	1
q1573	1238	1
q1573	1243	1
q1573	1313	1
q1573	1320	1
q1574	1246	1
q1574	1320	1
q1574	1866	1
q1575	1365	1
q1575	1370	1
q1575	1371	1
q1575	1372	1
q1576	1320	1
q1576	1238	1
q1576	1243	1
q1576	1338	1
q1577	1865	1
q1578	1338	1
q1579	1365	1
q1580	45	1
q1580	330	1
q1581	1238	1
q1581	1243	1
q1581	1250	1
q1581	1320	1
q1581	1338	1
q1582	1313	1
q1582	1320	1
q1582	1338	1
q1582	1239	1
q1583	832	1
q1583	834	1
q1584	1239	1
q1584	1320	1
q1584	1338	1
q1585	1365	1
q1586	1365	1
q1587	1365	1
q1588	1320	1
q1588	1338	1
q1588	1234	1
q1588	1239	1
q1588	1243	1
q1588	1267	1
q1589	1365	1
q1590	1313	1
q1590	1234	1
q1590	1238	1
q1590	1250	1
q1590	1320	1
q1591	1866	1
q1592	1320	1
q1592	1238	1
q1592	1365	1
q1592	1366	1
q1593	1365	1
q1594	1238	1
q1594	1313	1
q1594	1320	1
q1594	1337	1
q1594	1338	1
q1594	1365	1
q1594	1366	1
q1594	1367	1
q1595	1320	1
q1595	1338	1
q1595	613	1
q1595	1365	1
q1595	1820	1
q1595	1821	1
q1595	1353	1
q1596	1234	1
q1596	1238	1
q1596	1243	1
q1596	1320	1
q1596	1330	1
q1596	1365	1
q1596	1888	1
q1597	1320	1
q1597	1338	1
q1597	1365	1
q1597	1457	1
q1597	1868	1
q1597	1870	1
q1598	1320	1
q1598	1365	1
q1599	1917	1
q1599	1923	1
q1600	1320	1
q1600	1865	1
q1601	1320	1
q1601	1338	1
q1601	1340	1
q1601	1365	1
q1601	1457	1
q1602	1865	1
q1603	1330	1
q1604	1238	1
q1604	1338	1
q1604	1365	1
q1605	1238	1
q1605	1239	1
q1605	1243	1
q1605	1250	1
q1605	1267	1
q1605	1320	1
q1605	1338	1
q1605	1365	1
q1605	1513	1
q1606	1313	1
q1606	1338	1
q1606	1233	1
q1606	1234	1
q1606	1238	1
q1606	1243	1
q1606	1250	1
q1606	1131	1
q1606	1868	1
q1607	1866	1
q1608	1330	1
q1609	1239	1
q1609	1458	1
q1609	1513	1
q1609	1795	1
q1610	1365	1
q1611	1365	1
q1612	330	1
q1613	1365	1
q1614	360	1
q1615	433	1
q1615	434	1
q1615	436	1
q1615	454	1
q1616	1131	1
q1616	1238	1
q1616	1243	1
q1616	1767	1
q1617	1457	1
q1618	1365	1
q1619	1905	1
q1620	345	1
q1621	1340	1
q1621	1337	1
q1622	123	1
q1622	1321	1
q1622	1323	1
q1622	1338	1
q1622	1365	1
q1623	1320	1
q1623	1338	1
q1623	1315	1
q1623	1340	1
q1623	1238	1
q1623	1239	1
q1623	1246	1
q1623	1313	1
q1623	1868	1
q1623	1689	1
q1624	433	1
q1624	434	1
q1624	436	1
q1624	460	1
q1625	1868	1
q1626	330	1
q1627	1338	1
q1627	1365	1
q1627	1370	1
q1628	1234	1
q1629	433	1
q1629	434	1
q1629	438	1
q1630	345	1
q1631	1365	1
q1632	1365	1
q1632	1366	1
q1633	1365	1
q1634	1365	1
q1635	1917	1
q1636	1365	1
q1637	1265	1
q1638	1320	1
q1638	1365	1
q1638	1557	1
q1638	1558	1
q1638	1576	1
q1638	1688	1
q1638	1925	1
q1639	1240	1
q1640	832	1
q1640	833	1
q1640	852	1
q1640	1100	1
q1640	1365	1
q1641	330	1
q1641	852	1
q1641	830	1
q1642	1365	1
q1642	1366	1
q1642	1367	1
q1642	1457	1
q1643	1320	1
q1643	1338	1
q1643	1238	1
q1643	1243	1
q1644	1328	1
q1644	1254	1
q1644	1365	1
q1645	1365	1
q1645	1366	1
q1645	1367	1
q1645	1866	1
q1645	1923	1
q1645	1925	1
q1645	1926	1
q1646	1360	1
q1647	1236	1
q1647	1239	1
q1647	1246	1
q1647	1339	1
q1647	1365	1
q1648	1365	1
q1648	548	1
q1649	1365	1
q1649	1366	1
q1649	1367	1
q1650	852	1
q1650	856	1
q1650	832	1
q1650	834	1
q1650	830	1
q1650	8	1
q1651	433	1
q1651	434	1
q1651	436	1
q1651	444	1
q1652	1320	1
q1652	1337	1
q1652	1365	1
q1653	1365	1
q1654	1365	1
q1654	1366	1
q1655	830	1
q1655	832	1
q1655	852	1
q1655	913	1
q1655	1365	1
q1655	1865	1
q1656	364	1
q1656	433	1
q1657	1365	1
q1657	1797	1
q1658	1320	1
q1658	1313	1
q1658	1315	1
q1658	1239	1
q1658	1365	1
q1658	832	1
q1658	1925	1
q1659	1100	1
q1660	1365	1
q1661	1330	1
q1661	330	1
q1661	359	1
q1661	362	1
q1662	1365	1
q1663	1365	1
q1663	1666	1
q1663	1676	1
q1663	1678	1
q1664	1365	1
q1664	1320	1
q1664	1230	1
q1664	1243	1
q1665	1365	1
q1666	1365	1
q1667	330	1
q1668	1243	1
q1668	1238	1
q1669	330	1
q1669	359	1
q1670	308	1
q1670	345	1
q1670	360	1
q1670	394	1
q1670	1320	1
q1670	1330	1
q1671	1320	1
q1671	1338	1
q1672	1340	1
q1672	1423	1
q1673	433	1
q1673	434	1
q1673	435	1
q1674	433	1
q1674	436	1
q1674	830	1
q1675	1365	1
q1676	1339	1
q1676	1267	1
q1677	1238	1
q1677	1365	1
q1677	1865	1
q1678	433	1
q1678	436	1
q1679	1100	1
q1679	1320	1
q1680	1320	1
q1680	1340	1
q1680	1471	1
q1680	1338	1
q1680	1234	1
q1680	1813	1
q1680	1238	1
q1681	1320	1
q1681	1365	1
q1681	1795	1
q1681	1796	1
q1681	1865	1
q1681	1874	1
q1681	1963	1
q1681	1967	1
q1682	1365	1
q1682	1335	1
q1682	1337	1
q1682	1372	1
q1683	1238	1
q1684	433	1
q1684	434	1
q1684	436	1
q1684	462	1
q1685	1365	1
q1686	1365	1
q1686	1366	1
q1687	1320	1
q1687	1321	1
q1687	1328	1
q1687	1335	1
q1687	1365	1
q1687	1457	1
q1687	1868	1
q1688	1365	1
q1689	1365	1
q1690	1320	1
q1690	1365	1
q1690	1767	1
q1691	1330	1
q1692	833	1
q1692	834	1
q1692	852	1
q1692	874	1
q1692	875	1
q1692	1865	1
q1692	1871	1
q1692	1875	1
q1693	1320	1
q1694	1243	1
q1694	1335	1
q1694	1337	1
q1694	1365	1
q1694	1372	1
q1695	1243	1
q1695	1865	1
q1695	1866	1
q1696	1917	1
q1697	1320	1
q1697	1328	1
q1697	1338	1
q1697	1340	1
q1697	1795	1
q1698	1365	1
q1698	163	1
q1698	1836	1
q1698	1338	1
q1699	1365	1
q1700	1320	1
q1700	1338	1
q1701	1917	1
q1702	1338	1
q1702	1365	1
q1703	345	1
q1704	1320	1
q1704	1365	1
q1704	1370	1
q1704	1371	1
q1704	1372	1
q1704	1795	1
q1704	1865	1
q1705	330	1
q1706	1917	1
q1707	463	1
q1708	1888	1
q1709	1365	1
q1709	1366	1
q1710	1338	1
q1710	1365	1
q1710	1457	1
q1710	1865	1
q1710	1888	1
q1711	1320	1
q1711	1321	1
q1711	1328	1
q1711	1329	1
q1711	433	1
q1712	1243	1
q1713	1888	1
q1714	274	1
q1714	277	1
q1714	280	1
q1715	1365	1
q1715	1865	1
q1715	1946	1
q1715	1967	1
q1716	463	1
q1717	1365	1
q1718	433	1
q1718	434	1
q1718	436	1
q1719	1320	1
q1719	1338	1
q1719	1865	1
q1720	1320	1
q1720	1321	1
q1720	1365	1
q1721	1313	1
q1721	1238	1
q1721	1243	1
q1721	1246	1
q1721	1250	1
q1721	1320	1
q1722	1365	1
q1723	1267	1
q1723	1860	1
q1724	1320	1
q1724	173	1
q1724	174	1
q1724	175	1
q1724	1365	1
q1725	1320	1
q1725	1338	1
q1725	1243	1
q1725	1365	1
q1726	1243	1
q1726	1320	1
q1727	330	1
q1727	359	1
q1727	362	1
q1727	1330	1
q1728	433	1
q1728	434	1
q1728	436	1
q1728	439	1
q1729	1315	1
q1729	1318	1
q1729	1340	1
q1729	1870	1
q1729	1963	1
q1730	1888	1
q1731	1320	1
q1732	1365	1
q1732	1836	1
q1733	1866	1
q1734	1365	1
q1735	1365	1
q1736	103	1
q1736	1365	1
q1737	433	1
q1737	434	1
q1738	1320	1
q1738	1338	1
q1738	1243	1
q1738	1238	1
q1738	1321	1
q1738	1917	1
q1738	163	1
q1739	1917	1
q1740	1365	1
q1740	1865	1
q1741	1238	1
q1741	1365	1
q1741	1320	1
q1741	1338	1
q1741	1808	1
q1742	1365	1
q1743	1234	1
q1743	1243	1
q1743	1365	1
q1743	1792	1
q1743	1925	1
q1744	1365	1
q1744	1243	1
q1744	1321	1
q1744	1324	1
q1744	1325	1
q1744	1865	1
q1745	1243	1
q1745	1320	1
q1745	1341	1
q1745	1380	1
q1745	1925	1
q1746	833	1
q1747	1365	1
q1747	1865	1
q1747	1866	1
q1748	1239	1
q1748	1338	1
q1749	1917	1
q1750	1243	1
q1750	1250	1
q1751	1365	1
q1751	1372	1
q1751	1865	1
q1751	1866	1
q1751	1967	1
q1752	1313	1
q1752	1234	1
q1752	1238	1
q1752	1243	1
q1752	1338	1
q1752	1865	1
q1752	1866	1
q1753	330	1
q1754	1338	1
q1755	1313	1
q1755	1320	1
q1755	1338	1
q1755	1250	1
q1755	1243	1
q1756	330	1
q1756	345	1
q1756	353	1
q1757	330	1
q1758	1330	1
q1759	1365	1
q1759	1792	1
q1759	1793	1
q1760	1365	1
q1760	1457	1
q1760	1458	1
q1760	1471	1
q1760	163	1
q1760	181	1
q1760	1865	1
q1760	1868	1
q1760	1888	1
q1761	11	1
q1761	12	1
q1761	93	1
q1761	94	1
q1762	330	1
q1763	433	1
q1763	434	1
q1763	436	1
q1763	444	1
q1763	446	1
q1763	449	1
q1763	452	1
q1764	1238	1
q1764	1243	1
q1764	1250	1
q1764	1313	1
q1764	1320	1
q1765	832	1
q1765	834	1
q1765	835	1
q1765	913	1
q1765	1471	1
q1765	531	1
q1766	433	1
q1766	434	1
q1766	436	1
q1767	1365	1
q1768	1320	1
q1768	1234	1
q1768	1238	1
q1768	1243	1
q1768	1246	1
q1769	674	1
q1769	675	1
q1769	697	1
q1769	699	1
q1770	433	1
q1770	434	1
q1770	436	1
q1771	1865	1
q1772	1917	1
q1772	1338	1
q1772	1365	1
q1773	433	1
q1773	434	1
q1773	436	1
q1774	330	1
q1774	345	1
q1775	1313	1
q1775	1314	1
q1775	1320	1
q1775	1338	1
q1776	345	1
q1777	1131	1
q1777	1365	1
q1777	1366	1
q1778	330	1
q1779	330	1
q1779	345	1
q1780	128	1
q1780	1365	1
q1780	1865	1
q1781	330	1
q1781	345	1
q1782	1313	1
q1782	1320	1
q1782	1338	1
q1782	1365	1
q1782	1457	1
q1782	1458	1
q1782	532	1
q1783	27	1
q1783	271	1
q1783	272	1
q1783	280	1
q1784	345	1
q1785	1238	1
q1785	1320	1
q1785	1338	1
q1786	1365	1
q1787	903	1
q1787	913	1
q1787	1007	1
q1787	1365	1
q1787	1337	1
q1787	1332	1
q1787	1320	1
q1788	1320	1
q1788	1238	1
q1789	121	1
q1789	126	1
q1789	128	1
q1790	433	1
q1790	434	1
q1790	436	1
q1791	1365	1
q1792	1320	1
q1792	1338	1
q1792	1365	1
q1792	1868	1
q1793	345	1
q1793	353	1
q1793	299	1
q1794	330	1
q1794	393	1
q1795	277	1
q1795	280	1
q1796	330	1
q1796	345	1
q1797	274	1
q1797	277	1
q1797	280	1
q1798	1267	1
q1798	1320	1
q1798	1338	1
q1798	1458	1
q1799	1243	1
q1799	1319	1
q1799	1868	1
q1799	1871	1
q1799	1888	1
q1800	1365	1
q1800	1367	1
q1800	1868	1
q1800	1871	1
q1800	1874	1
q1800	1878	1
q1800	1888	1
q1801	345	1
q1802	1338	1
q1803	1548	1
q1803	1571	1
q1803	1365	1
q1803	1246	1
q1804	1365	1
q1804	1888	1
q1805	1320	1
q1805	1365	1
q1805	1868	1
q1806	1365	1
q1807	1320	1
q1807	1337	1
q1807	1340	1
q1807	1238	1
q1807	1239	1
q1807	1313	1
q1807	1338	1
q1808	11	1
q1809	433	1
q1809	434	1
q1809	435	1
q1809	436	1
q1810	1868	1
q1810	1871	1
q1810	1874	1
q1810	1878	1
q1810	1888	1
q1811	1365	1
q1811	1865	1
q1812	433	1
q1812	436	1
q1813	330	1
q1813	345	1
q1814	1365	1
q1815	1365	1
q1815	1366	1
q1816	1238	1
q1816	1243	1
q1816	1254	1
q1816	1320	1
q1816	1338	1
q1816	1365	1
q1816	1366	1
q1817	1365	1
q1817	468	1
q1817	476	1
q1818	1243	1
q1818	1244	1
q1818	1320	1
q1818	1338	1
q1819	433	1
q1819	434	1
q1819	436	1
q1819	1866	1
q1820	1365	1
q1820	1366	1
q1821	1457	1
q1822	1831	1
q1823	1831	1
q1823	136	1
q1824	1365	1
q1824	1367	1
q1825	1365	1
q1826	1365	1
q1827	139	1
q1827	1917	1
q1828	1313	1
q1828	1320	1
q1828	1338	1
q1828	1822	1
q1828	1824	1
q1829	160	1
q1829	161	1
q1830	330	1
q1830	1365	1
q1830	1366	1
q1831	830	1
q1831	832	1
q1831	834	1
q1831	330	1
q1832	433	1
q1832	466	1
q1833	1917	1
q1834	1365	1
q1834	1868	1
q1834	1871	1
q1834	1874	1
q1834	1878	1
q1834	1888	1
q1835	1320	1
q1835	1338	1
q1836	1365	1
q1837	1365	1
q1838	1365	1
q1839	131	1
q1839	1313	1
q1839	1320	1
q1839	1338	1
q1839	1457	1
q1839	1474	1
q1839	1865	1
q1839	1888	1
q1840	1238	1
q1840	1239	1
q1840	1243	1
q1840	1250	1
q1840	1767	1
q1840	1866	1
q1841	1365	1
q1842	1320	1
q1842	1457	1
q1842	1365	1
q1842	1370	1
q1843	1365	1
q1843	1870	1
q1844	1365	1
q1845	1365	1
q1846	1320	1
q1846	1321	1
q1846	1338	1
q1846	1238	1
q1846	1243	1
q1846	1244	1
q1846	1245	1
q1847	246	1
q1848	1238	1
q1848	1320	1
q1848	1338	1
q1849	1767	1
q1850	1868	1
q1850	1871	1
q1850	1874	1
q1850	1878	1
q1850	1888	1
q1851	1365	1
q1851	1865	1
q1851	1868	1
q1851	1871	1
q1851	1874	1
q1851	1878	1
q1851	1888	1
q1852	1365	1
q1852	1366	1
q1853	1320	1
q1854	1868	1
q1854	1871	1
q1854	1874	1
q1854	1878	1
q1854	1888	1
q1855	1320	1
q1855	1338	1
q1855	1234	1
q1856	1320	1
q1856	1457	1
q1856	1475	1
q1856	1365	1
q1856	1482	1
q1857	1313	1
q1857	1243	1
q1857	1246	1
q1857	1365	1
q1857	1380	1
q1858	1320	1
q1858	1100	1
q1858	832	1
q1858	833	1
q1858	1243	1
q1859	51	1
q1859	330	1
q1860	103	1
q1861	1238	1
q1861	1243	1
q1861	1244	1
q1862	1320	1
q1862	1338	1
q1862	18	1
q1862	1866	1
q1862	1925	1
q1862	1926	1
q1862	1238	1
q1862	1239	1
q1862	1792	1
q1862	1796	1
q1863	116	1
q1864	330	1
q1864	345	1
q1865	107	1
q1865	1868	1
q1865	1871	1
q1865	1874	1
q1865	1878	1
q1865	1888	1
q1866	19	1
q1866	1868	1
q1866	1871	1
q1866	1874	1
q1866	1878	1
q1866	1888	1
q1867	393	1
q1867	394	1
q1868	433	1
q1868	436	1
q1869	433	1
q1869	436	1
q1870	1868	1
q1870	1870	1
q1871	1365	1
q1872	345	1
q1873	1365	1
q1874	23	1
q1875	1320	1
q1875	1338	1
q1875	1315	1
q1875	1238	1
q1875	1239	1
q1875	1243	1
q1875	1246	1
q1875	1340	1
q1875	1365	1
q1876	1242	1
q1876	1246	1
q1876	1247	1
q1876	1248	1
q1876	1250	1
q1876	1251	1
q1876	1767	1
q1877	345	1
q1877	355	1
q1877	359	1
q1878	1338	1
q1878	1851	1
q1878	1858	1
q1879	307	1
q1879	330	1
q1879	1329	1
q1879	1330	1
q1880	433	1
q1880	434	1
q1880	436	1
q1880	439	1
q1880	1866	1
q1881	393	1
q1881	394	1
q1882	330	1
q1882	345	1
q1883	1365	1
q1883	1356	1
q1883	1100	1
q1883	1380	1
q1883	1865	1
q1884	1234	1
q1884	1243	1
q1884	1365	1
q1885	433	1
q1885	434	1
q1885	436	1
q1885	441	1
q1885	449	1
q1886	330	1
q1886	345	1
q1887	830	1
q1887	833	1
q1887	834	1
q1887	852	1
q1887	1666	1
q1887	1682	1
q1888	1365	1
q1888	1243	1
q1888	1317	1
q1888	1340	1
q1889	330	1
q1889	1888	1
q1890	1131	1
q1890	1238	1
q1890	1246	1
q1890	1247	1
q1890	1315	1
q1890	1340	1
q1890	1365	1
q1890	1838	1
q1891	330	1
q1891	331	1
q1891	524	1
q1892	1131	1
q1893	1320	1
q1893	1138	1
q1893	1246	1
q1893	1250	1
q1893	1454	1
q1893	330	1
q1893	1330	1
q1894	1320	1
q1894	1338	1
q1894	1131	1
q1894	1234	1
q1894	1243	1
q1894	1238	1
q1894	1765	1
q1894	1767	1
q1895	1131	1
q1896	1239	1
q1897	1131	1
q1898	1320	1
q1898	1243	1
q1898	1131	1
q1899	1888	1
q1900	1131	1
q1901	1320	1
q1901	1250	1
q1901	1454	1
q1901	330	1
q1902	1131	1
q1903	1320	1
q1903	1313	1
q1903	1238	1
q1904	1320	1
q1904	1330	1
q1904	1341	1
q1905	1131	1
q1905	1243	1
q1905	1266	1
q1905	1339	1
q1906	1234	1
q1906	1238	1
q1906	1239	1
q1906	1243	1
q1906	1244	1
q1907	1239	1
q1908	1131	1
q1909	1131	1
q1910	1131	1
q1911	1339	1
q1911	1243	1
q1911	1131	1
q1912	1131	1
q1912	1234	1
q1912	1238	1
q1912	1243	1
q1912	1250	1
q1912	1320	1
q1912	1338	1
q1912	1765	1
q1912	1767	1
q1913	1320	1
q1913	1338	1
q1913	1765	1
q1913	1767	1
q1913	1234	1
q1913	1238	1
q1913	1243	1
q1914	13	1
q1914	14	1
q1914	16	1
q1914	1888	1
q1915	1243	1
q1916	1243	1
q1917	1131	1
q1917	1238	1
q1917	1243	1
q1918	1131	1
q1918	1243	1
q1918	1339	1
q1919	1243	1
q1920	1234	1
q1920	1238	1
q1920	1243	1
q1920	1244	1
q1921	1234	1
q1921	1238	1
q1921	1243	1
q1921	1250	1
q1921	1320	1
q1921	1338	1
q1921	1765	1
q1921	1767	1
q1922	1131	1
q1922	1243	1
q1922	1339	1
q1923	1236	1
q1923	1246	1
q1924	1243	1
q1924	1131	1
q1925	1137	1
q1925	1813	1
q1926	1131	1
q1926	1234	1
q1926	1238	1
q1926	1239	1
q1926	1243	1
q1926	1244	1
q1927	463	1
q1928	1320	1
q1928	1338	1
q1928	1765	1
q1928	1767	1
q1928	1234	1
q1928	1243	1
q1928	1238	1
q1928	1131	1
q1929	1236	1
q1929	1131	1
q1929	1243	1
q1930	1234	1
q1930	1131	1
q1930	1238	1
q1930	1243	1
q1930	1320	1
q1930	1338	1
q1930	1765	1
q1930	1767	1
q1931	1243	1
q1932	1131	1
q1932	1133	1
q1933	1131	1
q1933	1243	1
q1933	1339	1
q1934	1239	1
q1935	1243	1
q1935	1131	1
q1935	1339	1
q1936	1234	1
q1936	1238	1
q1936	1239	1
q1936	1243	1
q1936	1244	1
q1937	1131	1
q1937	1236	1
q1937	1243	1
q1938	1339	1
q1938	1243	1
q1938	1131	1
q1939	1234	1
q1939	1238	1
q1939	1239	1
q1939	1243	1
q1939	1244	1
q1939	1131	1
q1940	1234	1
q1940	1238	1
q1940	1243	1
q1940	1250	1
q1940	1320	1
q1940	1338	1
q1940	1765	1
q1940	1767	1
q1941	1131	1
q1942	1131	1
q1942	1238	1
q1942	1320	1
q1942	1338	1
q1943	1888	1
q1944	1234	1
q1944	1238	1
q1944	1239	1
q1944	1243	1
q1944	1244	1
q1945	1131	1
q1945	1243	1
q1945	1339	1
q1946	1131	1
q1946	1243	1
q1946	1339	1
q1947	1323	1
q1948	1243	1
q1948	1131	1
q1948	1339	1
q1949	1131	1
q1949	1248	1
q1949	1246	1
q1949	1238	1
q1949	1266	1
q1950	1131	1
q1950	1238	1
q1950	1243	1
q1950	1320	1
q1950	1338	1
q1951	1131	1
q1951	1246	1
q1951	1813	1
q1952	1131	1
q1952	1238	1
q1952	1243	1
q1953	1236	1
q1954	1131	1
q1955	1131	1
q1955	1320	1
q1955	1338	1
q1956	1131	1
q1956	1238	1
q1957	1320	1
q1957	1330	1
q1957	330	1
q1957	1454	1
q1958	1234	1
q1958	1131	1
q1958	1246	1
q1959	1131	1
q1959	1243	1
q1959	1339	1
q1960	1320	1
q1960	1338	1
q1960	1131	1
q1960	1238	1
q1960	1243	1
q1960	1874	1
q1960	1925	1
q1961	1131	1
q1962	1137	1
q1962	1236	1
q1963	1131	1
q1963	1243	1
q1963	1339	1
q1964	1131	1
q1964	1243	1
q1964	1320	1
q1965	1234	1
q1965	1765	1
q1965	1238	1
q1965	1243	1
q1965	1767	1
q1966	1131	1
q1966	1238	1
q1966	1243	1
q1967	1131	1
q1967	1243	1
q1967	1339	1
q1968	1320	1
q1968	1338	1
q1968	1243	1
q1969	1131	1
q1969	1243	1
q1969	1339	1
q1970	1131	1
q1970	1243	1
q1971	1243	1
q1971	1131	1
q1971	1339	1
q1972	1339	1
q1972	1243	1
q1972	1131	1
q1973	1320	1
q1973	1250	1
q1973	1131	1
q1973	1454	1
q1974	1243	1
q1974	1131	1
q1974	1339	1
q1975	1234	1
q1975	125	1
q1975	1238	1
q1975	1243	1
q1975	1320	1
q1975	1338	1
q1975	1765	1
q1975	1767	1
q1976	1131	1
q1976	1243	1
q1976	1339	1
q1977	1320	1
q1977	1765	1
q1977	1767	1
q1977	1234	1
q1977	1250	1
q1977	1243	1
q1977	1238	1
q1977	1338	1
q1978	1243	1
q1978	1131	1
q1978	1339	1
q1979	1131	1
q1979	1246	1
q1979	1266	1
q1980	1243	1
q1980	1131	1
q1980	1339	1
q1981	1243	1
q1981	1131	1
q1981	1339	1
q1982	1131	1
q1982	1243	1
q1982	1339	1
q1983	1831	1
q1983	1239	1
q1984	1365	1
q1985	1131	1
q1986	1339	1
q1986	1131	1
q1986	1243	1
q1987	1131	1
q1987	1243	1
q1987	1339	1
q1988	1234	1
q1989	1131	1
q1989	1238	1
q1989	1243	1
q1989	1338	1
q1989	1339	1
q1989	1813	1
q1990	1239	1
q1991	1131	1
q1991	1243	1
q1991	1339	1
q1992	1339	1
q1992	1243	1
q1993	1320	1
q1993	1234	1
q1993	1765	1
q1993	1250	1
q1993	1238	1
q1993	1243	1
q1993	1338	1
q1993	1767	1
q1994	1239	1
q1995	1131	1
q1995	1243	1
q1995	1339	1
q1996	1131	1
q1997	1131	1
q1998	1234	1
q1998	1250	1
q1998	1765	1
q1998	1767	1
q1998	1238	1
q1998	1320	1
q1998	1338	1
q1999	1234	1
q1999	1250	1
q1999	1320	1
q1999	1338	1
q1999	1765	1
q1999	1767	1
q2000	1131	1
q2000	1243	1
q2000	1339	1
q2001	1239	1
q2002	1338	1
q2003	1239	1
q2004	1266	1
q2005	1243	1
q2005	1131	1
q2005	1339	1
q2006	1339	1
q2006	1243	1
q2006	1131	1
q2007	1234	1
q2007	1238	1
q2007	1243	1
q2007	1250	1
q2007	1320	1
q2007	1338	1
q2007	1765	1
q2007	1767	1
q2008	1138	1
q2008	1320	1
q2008	1234	1
q2008	1238	1
q2008	1243	1
q2009	1239	1
q2010	1131	1
q2010	1243	1
q2010	1339	1
q2011	1320	1
q2011	1338	1
q2011	1765	1
q2011	1767	1
q2011	1234	1
q2011	1243	1
q2011	1250	1
q2011	1131	1
q2012	1238	1
q2012	1243	1
q2013	1250	1
q2013	1320	1
q2013	1330	1
q2013	1454	1
q2013	330	1
q2014	1100	1
q2015	1131	1
q2015	1243	1
q2015	1339	1
q2016	1320	1
q2016	1250	1
q2016	1330	1
q2016	1131	1
q2016	1454	1
q2016	330	1
q2017	433	1
q2018	1320	1
q2018	1234	1
q2018	1250	1
q2018	1338	1
q2018	1238	1
q2018	1243	1
q2018	1765	1
q2018	1767	1
q2019	1365	1
q2020	1131	1
q2020	1246	1
q2020	1266	1
q2021	13	1
q2021	14	1
q2021	16	1
q2021	1888	1
q2022	1320	1
q2022	1234	1
q2022	1238	1
q2022	1243	1
q2022	1250	1
q2022	1765	1
q2022	1767	1
q2023	1365	1
q2024	1131	1
q2024	1234	1
q2024	1238	1
q2024	1243	1
q2024	1250	1
q2024	1320	1
q2024	1765	1
q2024	1767	1
q2025	1131	1
q2026	1238	1
q2027	1131	1
q2027	1238	1
q2027	1243	1
q2028	1243	1
q2029	1320	1
q2029	1330	1
q2029	330	1
q2029	1454	1
q2029	1238	1
q2030	1323	1
q2030	1868	1
q2031	1365	1
q2031	1963	1
q2032	1234	1
q2032	1320	1
q2032	1338	1
q2032	1765	1
q2032	1767	1
q2032	1243	1
q2033	1239	1
q2034	1131	1
q2035	1131	1
q2036	13	1
q2036	14	1
q2036	16	1
q2036	1888	1
q2037	1320	1
q2037	1250	1
q2037	1131	1
q2037	1234	1
q2037	1238	1
q2037	1243	1
q2037	1765	1
q2037	1767	1
q2038	1131	1
q2038	1239	1
q2038	1246	1
q2039	1320	1
q2039	1330	1
q2039	330	1
q2039	1246	1
q2039	1250	1
q2039	1454	1
q2040	1339	1
q2040	1243	1
q2040	1131	1
q2041	1320	1
q2041	1333	1
q2041	1365	1
q2042	1131	1
q2043	13	1
q2043	14	1
q2043	16	1
q2043	1888	1
q2044	1339	1
q2044	1243	1
q2045	1131	1
q2046	1131	1
q2046	1238	1
q2046	1243	1
q2047	1239	1
q2048	1243	1
q2048	1131	1
q2048	1339	1
q2049	1243	1
q2050	1131	1
q2051	1131	1
q2051	1238	1
q2051	1246	1
q2052	1131	1
q2052	1238	1
q2052	1243	1
q2053	1320	1
q2053	1338	1
q2053	1365	1
q2054	1131	1
q2054	1236	1
q2054	1238	1
q2054	1243	1
q2055	1	1
q2055	3	1
q2055	1243	1
q2055	1266	1
q2055	1267	1
q2055	1320	1
q2055	1517	1
q2055	1888	1
q2056	1131	1
q2056	1238	1
q2056	1243	1
q2057	1234	1
q2057	1365	1
q2058	1339	1
q2058	1243	1
q2059	531	1
q2059	1963	1
q2060	1243	1
q2061	1874	1
q2061	1963	1
q2061	1365	1
q2062	13	1
q2062	14	1
q2062	16	1
q2062	1888	1
q2063	1320	1
q2063	1338	1
q2063	1765	1
q2063	1767	1
q2063	1234	1
q2063	1250	1
q2063	1238	1
q2063	1243	1
q2063	1131	1
q2064	1131	1
q2064	1238	1
q2064	1243	1
q2065	1320	1
q2065	1338	1
q2066	856	1
q2067	1239	1
q2068	1365	1
q2068	1366	1
q2068	1367	1
q2069	1917	1
q2069	1365	1
q2069	1320	1
q2070	1851	1
q2071	1339	1
q2071	1243	1
q2071	1131	1
q2072	1338	1
q2072	1365	1
q2072	1366	1
q2073	1868	1
q2073	1338	1
q2073	1250	1
q2073	1243	1
q2073	1763	1
q2074	13	1
q2074	14	1
q2074	16	1
q2074	1888	1
q2075	1320	1
q2075	1338	1
q2076	1131	1
q2077	1234	1
q2077	1238	1
q2077	1243	1
q2077	1244	1
q2078	1131	1
q2078	1234	1
q2078	1238	1
q2078	1243	1
q2078	1320	1
q2078	1338	1
q2078	1765	1
q2078	1767	1
q2079	1239	1
q2080	834	1
q2080	852	1
q2080	1066	1
q2081	1320	1
q2081	1335	1
q2081	1337	1
q2081	441	1
q2081	449	1
q2081	1453	1
q2082	13	1
q2082	14	1
q2082	16	1
q2082	1888	1
q2083	1865	1
q2084	1131	1
q2084	1243	1
q2085	1365	1
q2086	1320	1
q2086	1338	1
q2086	1250	1
q2086	1131	1
q2086	1238	1
q2086	1243	1
q2086	1365	1
q2087	1236	1
q2087	1246	1
q2087	1338	1
q2088	1131	1
q2088	1132	1
q2088	1133	1
q2089	1238	1
q2089	1243	1
q2089	1246	1
q2090	1131	1
q2090	1243	1
q2090	1339	1
q2091	1239	1
q2092	1131	1
q2092	1243	1
q2092	1339	1
q2093	1320	1
q2093	1338	1
q2093	1866	1
q2093	1868	1
q2093	1869	1
q2094	1266	1
q2095	1320	1
q2095	1330	1
q2095	330	1
q2095	1454	1
q2095	1131	1
q2096	330	1
q2096	1320	1
q2096	1329	1
q2096	1330	1
q2097	1320	1
q2097	1330	1
q2097	1338	1
q2097	1365	1
q2097	1155	1
q2097	330	1
q2097	1454	1
q2098	1131	1
q2099	1365	1
q2100	1234	1
q2100	1238	1
q2100	1243	1
q2100	1250	1
q2100	1320	1
q2100	1765	1
q2100	1767	1
q2101	1320	1
q2101	1330	1
q2101	330	1
q2101	1234	1
q2101	1243	1
q2101	1246	1
q2101	1454	1
q2102	1131	1
q2102	1365	1
q2103	1131	1
q2103	1234	1
q2103	1238	1
q2103	1239	1
q2103	1243	1
q2103	1244	1
q2104	1131	1
q2104	1243	1
q2104	1339	1
q2105	1365	1
q2106	1234	1
q2106	1238	1
q2106	1243	1
q2106	1244	1
q2106	1131	1
q2107	1339	1
q2107	1243	1
q2107	1131	1
q2108	1365	1
q2108	1874	1
q2108	1874a	1
q2108	1880	1
q2109	1320	1
q2109	1813	1
q2110	1131	1
q2110	1243	1
q2110	1339	1
q2111	330	1
q2112	1320	1
q2112	1321	1
q2112	1322	1
q2112	1323	1
q2113	1131	1
q2114	1339	1
q2114	1243	1
q2115	1404	1
q2115	1320	1
q2115	1250	1
q2115	1330	1
q2115	1454	1
q2115	330	1
q2116	1131	1
q2116	1243	1
q2116	1339	1
q2117	1239	1
q2118	1320	1
q2118	1330	1
q2118	330	1
q2118	1454	1
q2119	1131	1
q2119	1234	1
q2119	1238	1
q2119	1239	1
q2119	1243	1
q2119	1244	1
q2120	1339	1
q2120	1243	1
q2120	1131	1
q2121	616	1
q2121	620	1
q2121	1458	1
q2121	1645	1
q2122	1320	1
q2122	1338	1
q2122	1356	1
q2122	1365	1
q2123	13	1
q2123	14	1
q2123	16	1
q2123	1888	1
q2124	1365	1
q2125	1320	1
q2125	1238	1
q2125	1239	1
q2125	1267	1
q2126	1243	1
q2126	1131	1
q2126	1339	1
q2127	1131	1
q2128	1339	1
q2128	1131	1
q2128	1243	1
q2128	1246	1
q2129	1267	1
q2129	1320	1
q2129	1338	1
q2129	1365	1
q2129	1366	1
q2129	1917	1
q2130	1239	1
q2131	1233	1
q2131	1234	1
q2131	1238	1
q2131	1243	1
q2131	1320	1
q2131	1338	1
q2131	1365	1
q2131	1754	1
q2132	433	1
q2133	1131	1
q2133	1865	1
q2134	1320	1
q2134	1330	1
q2134	1454	1
q2134	1250	1
q2134	1131	1
q2135	1238	1
q2136	1320	1
q2136	1329	1
q2136	1330	1
q2136	1333	1
q2136	1234	1
q2136	1243	1
q2136	1807	1
q2137	1234	1
q2137	1238	1
q2137	1243	1
q2137	1765	1
q2137	1767	1
q2137	1338	1
q2137	1320	1
q2138	1339	1
q2138	1243	1
q2138	1131	1
q2139	1243	1
q2139	1320	1
q2139	1365	1
q2139	1370	1
q2140	1338	1
q2140	1365	1
q2141	1131	1
q2141	1246	1
q2141	1266	1
q2142	1131	1
q2143	1917	1
q2144	1238	1
q2144	1243	1
q2144	1131	1
q2144	1246	1
q2145	1365	1
q2146	1320	1
q2146	1339	1
q2146	1365	1
q2146	1458	1
q2146	616	1
q2146	620	1
q2147	1234	1
q2147	1238	1
q2147	1243	1
q2147	1250	1
q2147	1320	1
q2147	1338	1
q2147	1765	1
q2147	1767	1
q2148	1236	1
q2148	1246	1
q2149	1234	1
q2149	1765	1
q2149	1767	1
q2149	1250	1
q2149	1338	1
q2149	1320	1
q2150	1320	1
q2150	1250	1
q2150	1454	1
q2150	330	1
q2150	1330	1
q2151	1239	1
q2152	1320	1
q2152	1335	1
q2152	1338	1
q2152	1917	1
q2152	1925	1
q2152	574	1
q2152	136	1
q2153	1131	1
q2153	1243	1
q2153	1339	1
q2154	1131	1
q2154	1243	1
q2154	1339	1
q2155	1131	1
q2155	1243	1
q2155	1339	1
q2156	1243	1
q2157	1239	1
q2158	1365	1
q2159	1313	1
q2159	1320	1
q2159	1338	1
q2159	1569	1
q2159	1571	1
q2159	1404	1
q2159	1706	1
q2159	1707	1
q2160	1338	1
q2160	1340	1
q2160	1365	1
q2160	1366	1
q2161	1320	1
q2161	1338	1
q2161	1234	1
q2161	1238	1
q2161	1243	1
q2161	1250	1
q2161	1765	1
q2161	1767	1
q2162	1365	1
q2163	1131	1
q2163	1243	1
q2163	1339	1
q2164	1339	1
q2164	1131	1
q2164	1243	1
q2165	1131	1
q2165	1243	1
q2165	1339	1
q2166	1338	1
q2166	1238	1
q2166	1243	1
q2167	1765	1
q2167	1767	1
q2167	1234	1
q2167	1243	1
q2167	1250	1
q2167	1131	1
q2167	1338	1
q2168	1365	1
q2168	584	1
q2169	1320	1
q2169	1234	1
q2169	1250	1
q2169	1338	1
q2169	1238	1
q2169	1243	1
q2169	1765	1
q2169	1767	1
q2170	1365	1
q2171	1320	1
q2171	1234	1
q2171	1250	1
q2171	1765	1
q2171	1767	1
q2171	1338	1
q2172	1131	1
q2172	1243	1
q2172	1339	1
q2173	1243	1
q2174	1338	1
q2175	1365	1
q2176	1320	1
q2176	1338	1
q2176	1340	1
q2176	1365	1
q2177	1234	1
q2177	1238	1
q2177	1243	1
q2177	1131	1
q2178	1320	1
q2179	1243	1
q2180	1365	1
q2180	1967	1
q2181	1320	1
q2181	1765	1
q2181	1767	1
q2181	1234	1
q2181	1243	1
q2181	1250	1
q2181	1131	1
q2182	1365	1
q2182	1369	1
q2182	1457	1
q2182	1865	1
q2182	1963	1
q2182	1967	1
q2183	1365	1
q2184	1338	1
q2184	1365	1
q2185	1131	1
q2186	1865	1
q2187	1365	1
q2188	1320	1
q2188	1333	1
q2188	1338	1
q2188	1234	1
q2188	1238	1
q2188	1239	1
q2188	1250	1
q2188	1267	1
q2189	1338	1
q2189	1925	1
q2190	1682	1
q2191	1365	1
q2192	1868	1
q2193	1792	1
q2194	1365	1
q2195	1320	1
q2195	1601b	1
q2195	1603r	1
q2196	81	1
q2197	1320	1
q2197	1338	1
q2197	1339	1
q2198	1792	1
q2198	1813	1
q2199	1320	1
q2199	1338	1
q2200	1866	1
q2201	1365	1
q2202	1688	1
q2202	1868	1
q2202	1870	1
q2203	499	1
q2203	503	1
q2203	504	1
q2203	511	1
q2203	830	1
q2203	833	1
q2203	834	1
q2203	1338	1
q2204	1131	1
q2204	1132	1
q2204	1134	1
q2204	1365	1
q2205	1320	1
q2205	1337	1
q2206	1131	1
q2207	570	1
q2207	1320	1
q2208	1131	1
q2208	1155	1
q2208	1234	1
q2208	1338	1
q2208	1653	1
q2208	1654	1
q2208	1754	1
q2208	1820	1
q2208	1850	1
q2209	1338	1
q2210	1365	1
q2210	1366	1
q2210	1372	1
q2211	51	1
q2212	1330	1
q2213	1653	1
q2214	1320	1
q2215	1340	1
q2216	1365	1
q2216	1367	1
q2217	1365	1
q2218	1320	1
q2219	1365	1
q2220	1320	1
q2220	1337	1
q2220	1335	1
q2220	1336	1
q2220	1338	1
q2220	1504	1
q2220	1506	1
q2221	1313	1
q2221	1320	1
q2221	1335	1
q2221	1337	1
q2221	1338	1
q2221	1504	1
q2221	1506	1
q2222	1313	1
q2222	1320	1
q2223	1320	1
q2223	1330	1
q2223	1337	1
q2223	1338	1
q2223	1865	1
q2224	1320	1
q2224	1335	1
q2224	1337	1
q2224	1365	1
q2224	1977	1
q2225	1233	1
q2225	1313	1
q2225	1320	1
q2225	1321	1
q2225	1323	1
q2226	1320	1
q2227	1975	1
q2228	1816	1
q2229	13	1
q2229	14	1
q2229	1313	1
q2229	1314	1
q2230	1813	1
q2230	1814	1
q2231	1321	1
q2231	1339	1
q2232	1925	1
q2233	1917	1
q2234	584	1
q2235	1925	1
q2236	1338	1
q2237	1320	1
q2238	1320	1
q2238	1338	1
q2238	1339	1
q2238	1347	1
q2239	1131	1
q2239	1132	1
q2239	1311	1
q2240	1320	1
q2241	1320	1
q2241	1338	1
q2242	1131	1
q2242	1132	1
q2242	1341	1
q2243	1365	1
q2244	128	1
q2244	1066	1
q2245	1457	1
q2245	1458	1
q2246	1338	1
q2246	1765	1
q2246	1766	1
q2246	1767	1
q2246	1768	1
q2247	1243	1
q2247	1246	1
q2247	1247	1
q2247	1365	1
q2248	1365	1
q2249	1365	1
q2250	27	1
q2250	28	1
q2251	462	1
q2252	570	1
q2252	571	1
q2252	1320	1
q2252	1338	1
q2253	1792	1
q2253	1813	1
q2254	1320	1
q2254	1337	1
q2254	1946	1
q2254	1967	1
q2254	1968	1
q2254	1969	1
q2254	1971	1
q2254	1977	1
q2255	1365	1
q2255	14	1
q2255	15	1
q2256	1905	1
q2256	1907	1
q2256	1908	1
q2256	1909	1
q2256	1911	1
q2257	1661	1
q2258	1365	1
q2259	1134	1
q2259	1137	1
q2259	1149	1
q2259	1150	1
q2260	1320	1
q2260	1338	1
q2260	1340	1
q2260	1243	1
q2260	1366	1
q2260	1367	1
q2260	1369	1
q2261	1365	1
q2261	1367	1
q2262	1365	1
q2263	1365	1
q2263	1372	1
q2264	1365	1
q2264	1238	1
q2264	1243	1
q2264	1313	1
q2265	1365	1
q2265	1922	1
q2265	173	1
q2266	1365	1
q2267	1365	1
q2268	1365	1
q2268	1868	1
q2268	1870	1
q2269	1365	1
q2270	1320	1
q2270	1338	1
q2270	1874	1
q2270	1365	1
q2271	1320	1
q2272	1239	1
q2272	1243	1
q2272	1338	1
q2273	1320	1
q2273	1338	1
q2273	1233	1
q2273	1234	1
q2273	1238	1
q2274	1365	1
q2275	1131	1
q2275	1365	1
q2275	1925	1
q2275	1926	1
q2276	1365	1
q2277	531	1
q2278	1365	1
q2278	1471	1
q2279	1365	1
q2279	1372	1
q2279	1795	1
